"RegionID","ZRITier","RegionName","2010-12-31","2011-03-31","2011-06-30","2011-09-30","2011-12-31","2012-03-31","2012-06-30","2012-09-30","2012-12-31","2013-03-31","2013-06-30","2013-09-30","2013-12-31","2014-03-31","2014-06-30","2014-09-30","2014-12-31","2015-03-31","2015-06-30","2015-09-30","2015-12-31","2016-03-31","2016-06-30","2016-09-30","2016-12-31","2017-03-31","2017-06-30"
102001,"Bottom Tier","United States",0.65271676300578,0.642292263610315,0.636818181818182,0.637966101694915,0.622921348314607,0.61608938547486,0.618,0.623204419889503,0.618461538461538,0.610491803278689,0.61304347826087,0.614939759036145,0.609182058047493,0.597971391417425,0.590769230769231,0.602904458598726,0.603949367088608,0.601358490566038,0.612,0.620874751491054,0.608893280632411,0.615913555992141,0.6287109375,0.630873786407767,0.627220077220077,0.623608445297505,0.627480916030534
102001,"Middle Tier","United States",0.300363976092048,0.299216672209924,0.29818642918578,0.296529291748912,0.295341905859965,0.294611825902824,0.293842126852822,0.292200726184153,0.289270324421191,0.290556511423101,0.292142735212136,0.295990925096507,0.297201581100181,0.29402133871804,0.289985978761733,0.291645317503276,0.294430305049674,0.29536222410227,0.296728845633955,0.296263214073575,0.292862173240761,0.294303346121682,0.294244213292921,0.290997246734324,0.289134677407721,0.288341470902795,0.289388275441466
102001,"Upper Tier","United States",0.195983935742972,0.192700729927007,0.192,0.193108255282074,0.190774556469061,0.188987749838814,0.189684030742955,0.191063017186505,0.18888232813159,0.187231188430099,0.1889,0.19140618556701,0.189844897959184,0.186181818181818,0.185472,0.189413538608047,0.189513462446859,0.188393345309693,0.191289522628642,0.195915080474776,0.194583001062126,0.194087524141957,0.198187906909238,0.201272373720788,0.200694496596803,0.199547082293173,0.202655865088013
394347,"Bottom Tier","Atlanta, GA",0.57856,0.56600790513834,0.559375,0.554845360824742,0.544897959183673,0.535757575757576,0.5322,0.53127950310559,0.523259259259259,0.515337423312883,0.516878048780488,0.513341317365269,0.507105882352941,0.500531791907515,0.495272727272727,0.494022471910112,0.486933333333333,0.481054945054945,0.483130434782609,0.486472469530642,0.476886062897405,0.48176304774921,0.487092391304348,0.485774588433938,0.484975658888702,0.486689476758742,0.49236641221374
394347,"Middle Tier","Atlanta, GA",0.263026528455866,0.261334502654661,0.260692248382272,0.257331213302765,0.255089087352179,0.253143931237961,0.252605402936756,0.251161082637607,0.246555795652054,0.246947233924117,0.248165766174364,0.251447327807515,0.254289435382676,0.254060256326372,0.252034235000886,0.250294216870765,0.252846149226585,0.253353376581927,0.254862408740146,0.254983316834478,0.251286246387842,0.252387538438262,0.252021643872528,0.250925740830644,0.252381391482949,0.252633075466679,0.254390882408247
394347,"Upper Tier","Atlanta, GA",0.181894736842105,0.178228272251309,0.1757,0.175269709543568,0.173454545454545,0.17037037037037,0.170360655737705,0.171665987780041,0.168291497975708,0.168144869215292,0.16896,0.1701506740682,0.169811320754717,0.169851909586906,0.171190108191654,0.174986646318199,0.173986435568953,0.173189430591738,0.174705882352941,0.179786873406341,0.181611368806689,0.181667431634119,0.183949664628717,0.187313155350636,0.187293163590829,0.186018019094862,0.189858631843776
394355,"Bottom Tier","Austin, TX",0.612692307692308,0.608836104513064,0.617464788732394,0.614905552375501,0.59477094972067,0.578723404255319,0.580298507462687,0.602403898213319,0.608316831683168,0.6181777529346,0.642,0.634021978021978,0.623489361702128,0.61360824742268,0.60624,0.62098231827112,0.616216216216216,0.60842504743833,0.609850746268657,0.620011275629803,0.614565512359153,0.618420666803507,0.623542444029851,0.625561512824228,0.621506367775025,0.614919643624488,0.614817135695568
394355,"Middle Tier","Austin, TX",0.276415962401187,0.279561155146412,0.28043164767422,0.278416814126582,0.282655967753509,0.279955572417132,0.280539440770268,0.282097062546796,0.279887320827837,0.279248310872921,0.28151854108071,0.286871860816477,0.292201780162272,0.29455217328784,0.292336585027746,0.293366835101539,0.296292144176013,0.298137005532178,0.300573536038095,0.298917668940378,0.294674209867591,0.293573062614825,0.29186422102035,0.286384769766023,0.281134538835953,0.278328105117074,0.277356645166671
394355,"Upper Tier","Austin, TX",0.194720647773279,0.196635814889336,0.201216,0.2025384630616,0.198188448417833,0.196253081985672,0.195739444743521,0.198342552010565,0.195983690888999,0.19910854845134,0.203202416918429,0.20175580966433,0.199682768565249,0.19440253789214,0.191834482758621,0.196266666666667,0.196393220338983,0.196921008403361,0.19904,0.202295164119268,0.200984429934706,0.200634281399446,0.202219979818365,0.202841972187105,0.200141915864166,0.198892557785116,0.202118126272912
394358,"Bottom Tier","Baltimore, MD",0.663172413793103,0.665119453924915,0.67027027027027,0.663545150501672,0.64794701986755,0.638426229508197,0.637922077922078,0.649350649350649,0.643636363636364,0.639480519480519,0.646233766233766,0.646595134388611,0.633924473190069,0.618751921303412,0.62102295610149,0.628199218358553,0.627648114901257,0.628055197061451,0.636521739130435,0.640269057591212,0.628036682341546,0.630392073118647,0.629940711462451,0.61982424498254,0.613487570009309,0.603582347719876,0.601937060616118
394358,"Middle Tier","Baltimore, MD",0.293296127836488,0.294246258101238,0.293440533851997,0.292449284024958,0.292708702485149,0.293838389789734,0.293974206338153,0.291083245506492,0.286939328507954,0.284729439302363,0.286525068337127,0.290587548930007,0.290407289292271,0.288233822159732,0.283712058372706,0.282691663782798,0.283007172436938,0.281694448313243,0.280784037107859,0.279252247987361,0.275339927944151,0.275067296088479,0.273039260403331,0.268443996318157,0.265080345924479,0.261687855374093,0.261823904449919
394358,"Upper Tier","Baltimore, MD",0.197830985915493,0.19436974789916,0.193788300835655,0.195567905522751,0.193929313929314,0.188814379536813,0.190675862068966,0.192820512820513,0.187362711864407,0.184416806722689,0.18656,0.189134328358209,0.188356435643564,0.183960591133005,0.182980392156863,0.184555735056543,0.182645367412141,0.180170616113744,0.181425,0.185216737659734,0.184279256654947,0.183186508935313,0.183602421796165,0.185006321112516,0.185048150025342,0.183489966979934,0.185590631364562
394404,"Bottom Tier","Boston, MA",0.809714285714286,0.789859154929577,0.775555555555556,0.791202749140894,0.779319727891156,0.773063973063973,0.792533333333333,0.807779005524862,0.800703296703297,0.791081967213115,0.788869565217391,0.78974358974359,0.781512605042017,0.757190082644628,0.742926829268293,0.772848484848485,0.775421686746988,0.77748502994012,0.806190476190476,0.834990059642147,0.820628646715603,0.817663018055945,0.831473214285714,0.840499306518724,0.836550836550837,0.822593912805045,0.829698291530353
394404,"Middle Tier","Boston, MA",0.309646306434196,0.306611007698747,0.30750398492587,0.306934479016059,0.312863561621328,0.318446640622721,0.320889472392784,0.320215154166795,0.314908452966932,0.31799409674182,0.319286376692258,0.325948730946721,0.326967750820761,0.328239512653941,0.324660491019196,0.326392437655853,0.329440350110504,0.33192906105986,0.335408181372497,0.338295334602088,0.334612099893203,0.333638019971533,0.336514898479923,0.334753367450848,0.335783737979158,0.336833531425826,0.337444856834232
394404,"Upper Tier","Boston, MA",0.20167868852459,0.192936585365854,0.187896774193548,0.188461538461538,0.185503184713376,0.183417721518987,0.188301886792453,0.191627329192547,0.185300613496932,0.181818181818182,0.183161676646707,0.188154302670623,0.184376470588235,0.180034985422741,0.184023121387283,0.190489270386266,0.188328611898017,0.186345021037868,0.189333333333333,0.19457111834962,0.190524024778168,0.19015018038426,0.195425496131853,0.198162663295407,0.194492312890691,0.194801456269579,0.19959266802444
394425,"Bottom Tier","Buffalo, NY",0.715384615384615,0.713924050632911,0.6675,0.612260061919505,0.569815950920245,0.557325227963526,0.560240963855422,0.588793465857906,0.592024907196743,0.556557034560974,0.540585574863128,0.559900017853955,0.544935126770623,0.533539670257723,0.545714285714286,0.569335302806499,0.565865102639296,0.555458515283843,0.559768786127168,0.597800480354865,0.579177043112705,0.573037918620893,0.56900289017341,0.571075817947135,0.56910750552369,0.56649617787048,0.564576622688964
394425,"Middle Tier","Buffalo, NY",0.28972387247947,0.301426192447599,0.291923187032764,0.28138152959578,0.277646292842002,0.265368428101277,0.256966199454775,0.253223398568985,0.252393922624198,0.250376497802158,0.245949845498382,0.259277381226495,0.258435357485357,0.247961463051802,0.246444244751568,0.254314609741295,0.251211842799298,0.251750151440401,0.271500864476013,0.272235560924474,0.272240484419196,0.274301802519676,0.271527053325083,0.261253180926953,0.265877213575575,0.268970710917998,0.266080794329929
394425,"Upper Tier","Buffalo, NY",0.192487899322362,0.192623976889745,0.187471264367816,0.182301644031451,0.176614509246088,0.172342533616419,0.170929577464789,0.168864945197845,0.164638853151994,0.160720130932897,0.168112290804391,0.180771125341454,0.173094410270126,0.166765762967564,0.164416961130742,0.169182058047493,0.165499124343257,0.162162162162162,0.176875,0.185208385534118,0.177883810480496,0.178286769024247,0.18121426168853,0.18078381795196,0.183519175536408,0.180975361950724,0.183193312966735
394458,"Bottom Tier","Charlotte, NC",0.528146707418727,0.516738435893874,0.511333333333333,0.513103448275862,0.519452054794521,0.521795918367347,0.51827027027027,0.521935483870968,0.522352941176471,0.515106382978723,0.523174603174603,0.530823529411765,0.527131782945736,0.521072796934866,0.516363636363636,0.520149812734082,0.512592592592593,0.506373626373626,0.510724637681159,0.513441092574985,0.498940253193561,0.50511090230916,0.509510869565217,0.507105670465738,0.502490067707459,0.497371275974297,0.505033742670649
394458,"Middle Tier","Charlotte, NC",0.247704129569057,0.245262733503561,0.247630449885817,0.249060127087271,0.251350076401301,0.256778101522764,0.259649759203486,0.25722822480195,0.254627509333942,0.25449415274846,0.256777484452569,0.262119427732765,0.26326623412675,0.261203042404443,0.257666223400478,0.257909312357706,0.261249391793763,0.262506138815434,0.261471664088866,0.258877298607596,0.254180657705463,0.252999511692535,0.250296536056774,0.245218998322055,0.244815797888775,0.244207951170152,0.245547472624711
394458,"Upper Tier","Charlotte, NC",0.17453750113916,0.172453122861444,0.172994701260735,0.173913043478261,0.171704007855039,0.170498168821427,0.173089005235602,0.175972282373322,0.173035253654342,0.172087067861716,0.17328813559322,0.174821052631579,0.171414225941423,0.171243243243243,0.172859504132231,0.174866244639575,0.171982236576504,0.170504889243664,0.172280978689818,0.178365015048658,0.177626469864192,0.175358889552625,0.179006480582544,0.184586463539603,0.183759362282687,0.185526622039827,0.189230939869506
394463,"Bottom Tier","Chicago, IL",0.7575,0.765,0.77,0.771958762886598,0.753061224489796,0.736363636363636,0.7278,0.728955223880597,0.733663366336634,0.726502463054187,0.729411764705882,0.736934306569343,0.743188405797101,0.736115107913669,0.726285714285714,0.733349112426036,0.7296,0.719157894736842,0.719441860465116,0.718479818761848,0.711462450592885,0.712751861835793,0.717841569767442,0.714743734477309,0.702523121127772,0.692585814399857,0.69288123557607
394463,"Middle Tier","Chicago, IL",0.320239767127357,0.316615524493383,0.312947800182415,0.309657588440555,0.308546190346181,0.308151651397265,0.306331324525115,0.30351299064641,0.303807601861272,0.303472901643297,0.307325769110625,0.310851465370548,0.313756386476605,0.315609538137382,0.311638589001161,0.31208593384803,0.312351656546202,0.310476579640298,0.31015525806228,0.309493617832207,0.303384998626815,0.303757271385167,0.300447204810317,0.296404712237407,0.292990327666538,0.28891215289112,0.290558451579042
394463,"Upper Tier","Chicago, IL",0.195388235294118,0.190042718446602,0.188769230769231,0.188604206500956,0.184425855513308,0.182835538752363,0.187578947368421,0.189476039530114,0.187524972253052,0.186221325013764,0.187822286962855,0.189093530365832,0.185458437388512,0.182066042733533,0.181846153846154,0.186726737133946,0.183689453795946,0.181603950280947,0.18303848750844,0.186862033092351,0.18549373599157,0.184935009490972,0.186417800719644,0.18897266769728,0.187760971631543,0.185144246048114,0.188538871874703
394466,"Bottom Tier","Cincinnati, OH",0.472258064516129,0.543436123348018,0.568235294117647,0.573237410071942,0.556394366197183,0.532303448275862,0.522810810810811,0.525405405405405,0.528648648648649,0.531243243243243,0.535783783783784,0.53568,0.529894736842105,0.523636363636364,0.521230769230769,0.529528662420382,0.529215189873418,0.530716981132075,0.5316,0.530218687872763,0.518774703557312,0.526326129666012,0.523828125,0.525436893203883,0.521814671814672,0.517658349328215,0.519274809160305
394466,"Middle Tier","Cincinnati, OH",0.212529592515082,0.235937731755356,0.245371287768483,0.254413132563605,0.255422647512755,0.250896179752769,0.242610139489461,0.234007151602881,0.23502558200265,0.235496567342882,0.240726915632923,0.246290025364914,0.252212296381897,0.248158883285025,0.245842582147666,0.250766636373798,0.253978425718253,0.255040129135671,0.258966052502534,0.256109694433924,0.249508690436691,0.249077993935668,0.24847441569064,0.245172930820735,0.245449972768755,0.245566615657547,0.2447100479485
394466,"Upper Tier","Cincinnati, OH",0.150213068181818,0.16036036036036,0.175676625659051,0.181742522756827,0.175637296834902,0.171515407344871,0.1706,0.1675,0.1719,0.1689,0.1713,0.172624215615677,0.171574883153831,0.168431195423065,0.166410154700516,0.165556098992468,0.165558772437753,0.165378535377583,0.167458646616541,0.169011855622519,0.16531534763579,0.164418092803113,0.166248112713671,0.168907730768134,0.168835672556963,0.170138325239056,0.169884997626449
394475,"Bottom Tier","Cleveland, OH",0.6496,0.6384,0.628,0.621960784313725,0.603076923076923,0.585660377358491,0.576296296296296,0.588315301391035,0.596656346749226,0.593116279069767,0.594782608695652,0.591531340112308,0.577025823686554,0.574996369972412,0.573735076748152,0.566832457012932,0.57152600170503,0.574854382724819,0.5775,0.584221941080788,0.5699784405318,0.569298088944454,0.570623224431818,0.562003530450132,0.558748683748684,0.554222648752399,0.551700208188758
394475,"Middle Tier","Cleveland, OH",0.285834677868335,0.278277182834363,0.271378297621064,0.273221693991703,0.273881591345307,0.272747141416538,0.268377993683526,0.261837942824874,0.25921761185711,0.262370680551309,0.267064925698722,0.269042607446633,0.268262261443521,0.267198366878404,0.265210040025736,0.267910405997383,0.266771320067487,0.266974392686462,0.266539705523597,0.266090046738289,0.262311070800693,0.261845321466929,0.264717812235371,0.263153157052639,0.260883656844791,0.259345165131283,0.258952554861926
394475,"Upper Tier","Cleveland, OH",0.175609756097561,0.178004819277108,0.179314285714286,0.184188679245283,0.182915887850467,0.183222222222222,0.183963302752294,0.180771518784606,0.182306217474664,0.184052097090031,0.185244412138833,0.184149583239468,0.179855214943248,0.175843269358628,0.180443193809356,0.183142196834256,0.180399619410086,0.181407919008194,0.183217021276596,0.186803286117168,0.18517370721438,0.186107288023949,0.194671189642957,0.197386556204105,0.190797036589706,0.183347294354163,0.186159379468735
394492,"Bottom Tier","Columbus, OH",0.484540540540541,0.48,0.484421052631579,0.494337662337662,0.489230769230769,0.478177215189873,0.4722,0.4788,0.4824,0.474,0.4716,0.469333333333333,0.469463414634146,0.468433734939759,0.466285714285714,0.472009512485137,0.469738717339667,0.470320284697509,0.480568720379147,0.479963818981844,0.47093644043984,0.474306092235496,0.479302428909953,0.469332351723186,0.466065252795111,0.463381575715676,0.467783365290691
394492,"Middle Tier","Columbus, OH",0.262858716941314,0.259758181368033,0.257630622383981,0.257513042378246,0.256745518326906,0.262064161662444,0.264551366867669,0.261708715337155,0.256514283030375,0.255928354756525,0.256308713493914,0.259444973855719,0.261501432265136,0.260468869224816,0.257230400138564,0.256212153293898,0.259298995435454,0.258789088804174,0.259783048379849,0.260813447021071,0.257665645881379,0.257994016028029,0.258562297124684,0.255759761753863,0.25410776386808,0.253783247740585,0.253851581237179
394492,"Upper Tier","Columbus, OH",0.163682230581987,0.165305717748155,0.170074594120228,0.178070384407147,0.174778704297627,0.172785812308667,0.169841534612177,0.168153497008459,0.163854634544712,0.166045665791069,0.164736,0.169248,0.173088,0.171168,0.172224,0.176776760843613,0.177672209026128,0.176195352500985,0.180752351097179,0.184647431642826,0.183931138398656,0.183779697913897,0.186948998668265,0.191369204490962,0.194188948929673,0.191002012098068,0.190960805470251
394514,"Bottom Tier","Dallas-Fort Worth, TX",0.537920865077415,0.546427262733602,0.544924720738223,0.543965204784342,0.530896850204376,0.524273238425649,0.528,0.538857142857143,0.540571428571429,0.545142857142857,0.555428571428571,0.552777777777778,0.545405405405405,0.537368421052632,0.53025641025641,0.53694794827604,0.5374746227422,0.537990614997345,0.545387423602263,0.551920439298642,0.545243452093057,0.552183829830013,0.567695301283874,0.571078801307967,0.568721640135544,0.568281171477997,0.577709071973763
394514,"Middle Tier","Dallas-Fort Worth, TX",0.277548787029004,0.277746352207292,0.277165516365466,0.274983537965079,0.276805546957663,0.276494507979726,0.276123386010738,0.276771621206759,0.2745821043978,0.275610627215466,0.278318753140214,0.283870165659998,0.286863069486624,0.285538628285567,0.28287954316883,0.282408134795344,0.284405948560352,0.285603287872902,0.288941624955923,0.289908108326924,0.288388147375315,0.290010730905166,0.291422502151336,0.289419526020925,0.289445938317401,0.28951910851276,0.290876106778684
394514,"Upper Tier","Dallas-Fort Worth, TX",0.200527617477329,0.197837837837838,0.195183075671277,0.194628548419569,0.191789557592666,0.188818307358453,0.18759375,0.192,0.191723076923077,0.190351145038168,0.191909090909091,0.194706766917293,0.195134328358209,0.194133333333333,0.194911764705882,0.199052132701422,0.200867678958785,0.199727500896379,0.201507823613087,0.205383877593718,0.205590877297769,0.204595815495706,0.207644045341215,0.209411354264638,0.207899098714581,0.206900214653914,0.209373270794645
394530,"Bottom Tier","Denver, CO",0.558389261744966,0.562557883131202,0.566608695652174,0.578394793926247,0.578701298701299,0.581598272138229,0.587068965517241,0.590105708245243,0.585560165975104,0.576293279022403,0.57504,0.578352941176471,0.576,0.571924528301887,0.573777777777778,0.587397260273973,0.598486486486487,0.60928,0.620210526315789,0.636601443967772,0.639068025795715,0.648950470478751,0.659950657894737,0.663464486458866,0.656777077829709,0.648146277401758,0.661309762957011
394530,"Middle Tier","Denver, CO",0.273422601953265,0.283019010755698,0.289126830604618,0.287171091443461,0.288585543062572,0.287915735469222,0.289812812750973,0.288519342662322,0.288661699657034,0.290166648819871,0.29147666131184,0.297481001582052,0.306876631176538,0.306620799387127,0.303294151792193,0.308027142697071,0.316597049121487,0.32132132918759,0.327948247829245,0.332778131330718,0.331047823203607,0.334874342610677,0.337177277373206,0.333563034364946,0.329035175466243,0.325420673120849,0.325262193428362
394530,"Upper Tier","Denver, CO",0.17799844840962,0.187181467181467,0.196279784780938,0.197007424328955,0.194824594492644,0.193578770323304,0.199022222222222,0.200146627565982,0.196545718432511,0.195344827586207,0.198264580369844,0.201620288834097,0.200307048150733,0.199184237815417,0.201123287671233,0.20591186440678,0.205852348993289,0.206750830564784,0.212526315789474,0.216961848369357,0.213090486134976,0.211983520341251,0.216448032290616,0.218777031073258,0.21495451756609,0.211836423672847,0.214653231857648
394532,"Bottom Tier","Detroit, MI",0.63525,0.61125,0.60975,0.603343653250774,0.576441717791411,0.558054711246201,0.555903614457831,0.54190093708166,0.53458712900382,0.526752794309769,0.532874354561102,0.528553137003841,0.520914479254869,0.516757664846703,0.516,0.510904109589041,0.502054054054054,0.496,0.493894736842105,0.490949042586586,0.478052839608904,0.482059766311653,0.482319078947368,0.472151251916198,0.462101198943304,0.461258713001313,0.459823222177581
394532,"Middle Tier","Detroit, MI",0.269412554920846,0.267433423540024,0.267724817134388,0.265149961230754,0.258456040349207,0.252210447859878,0.250957338049981,0.253258348531614,0.253749958393622,0.251245955962622,0.2516873081504,0.257496765255196,0.260199807323821,0.257970600564771,0.252945316284469,0.251488008546355,0.251475933643944,0.252546103987656,0.254944768483822,0.251753872394885,0.247197213413231,0.250208642245396,0.253156423683619,0.249056406802073,0.247293899695646,0.246322804031655,0.243274225570359
394532,"Upper Tier","Detroit, MI",0.183510054844607,0.181197822141561,0.177189189189189,0.176241670368725,0.174057843996494,0.172866407263294,0.171911262798635,0.175455319148936,0.176842105263158,0.174868755292125,0.175236486486486,0.181594475831764,0.178282870178349,0.174536485097636,0.174963325183374,0.17703090284791,0.175026031237485,0.172578916021441,0.174614173228346,0.180121809504456,0.179105185935133,0.178940129337596,0.18325559960908,0.18558388166081,0.184187316169868,0.18249636499273,0.184935131581057
394669,"Bottom Tier","Hartford, CT",0.670555555555556,0.656697247706422,0.648545454545455,0.655090909090909,0.661636363636364,0.657818181818182,0.662727272727273,0.660948081264108,0.657578475336323,0.647839643652561,0.640353982300885,0.640175054704595,0.637922077922078,0.634689507494647,0.63,0.639663157894737,0.629623430962343,0.62968814968815,0.638677685950413,0.648177053382186,0.635024336066377,0.626410560327331,0.637267561983471,0.637406723902752,0.638022910750183,0.627210862771847,0.620781023279288
394669,"Middle Tier","Hartford, CT",0.276473560510298,0.278044433210326,0.279511621803082,0.280457945645548,0.281381580484973,0.279517768894205,0.277826574763749,0.273835700706573,0.268170917123097,0.267476053844946,0.266125396684825,0.271874656511495,0.271585561265681,0.26649500785445,0.263407813091735,0.263821927973331,0.264766286312184,0.270142071253657,0.270792965866583,0.269530041755524,0.265888109737755,0.266118812002103,0.268953980043063,0.266089250975805,0.263751379361029,0.261167681142677,0.258293668848222
394669,"Upper Tier","Hartford, CT",0.18429197080292,0.189197080291971,0.197605839416058,0.193472924187726,0.183257142857143,0.173681978798587,0.177398601398601,0.179344319167389,0.176716006884682,0.174865926558497,0.173206779661017,0.176912322075297,0.173902561526871,0.171168982444463,0.167515712868012,0.172254699014656,0.171673022715967,0.16782269444675,0.169627659574468,0.178326767140961,0.178329076589333,0.174475582522452,0.176642978294008,0.176237996610808,0.170412267742179,0.168532039191738,0.170949430168566
394692,"Bottom Tier","Houston, TX",0.649922480620155,0.619059720457433,0.6,0.6,0.5976,0.5934,0.6,0.614590570719603,0.594679802955665,0.603814180929095,0.619223300970874,0.619856115107914,0.627867298578199,0.622201405152225,0.626666666666667,0.656666666666667,0.666666666666667,0.668333333333333,0.683333333333333,0.689750386569472,0.68126921387791,0.68380266317398,0.686848958333333,0.688781014023732,0.678893178893179,0.664853913414374,0.661047497879559
394692,"Middle Tier","Houston, TX",0.29197249433724,0.291470853095011,0.289843116919421,0.285631877120176,0.286518401676759,0.287552037767173,0.286383605520328,0.285386159832163,0.28175113166905,0.284510552939396,0.287754940440075,0.290781780450389,0.294871395814528,0.291040704678119,0.290221077693673,0.293288579668584,0.297065439060243,0.299289581047093,0.304272260036663,0.308793645503454,0.30861816721188,0.308628067552652,0.308745749629417,0.305134751662848,0.30071472963572,0.296830180314841,0.294709546889093
394692,"Upper Tier","Houston, TX",0.194525316455696,0.190966731898239,0.191107668474051,0.190511200459506,0.186293070806513,0.1843250327654,0.186044444444444,0.187860550458716,0.184930909090909,0.18412972972973,0.186942857142857,0.19066974595843,0.191474019088017,0.188387550553895,0.193058082575227,0.200805650013079,0.203664175212932,0.203510352594646,0.206010362694301,0.209299940409964,0.208940231039679,0.205073364380553,0.202694718790357,0.20189829886744,0.197736804371975,0.195577759031166,0.195012821459852
394705,"Bottom Tier","Indianapolis, IN",0.534666666666667,0.510666666666667,0.491333333333333,0.491178082191781,0.483243243243243,0.48064,0.471789473684211,0.4675,0.463917525773196,0.457959183673469,0.456363636363636,0.467909319899244,0.466733668341709,0.46796992481203,0.4662,0.461037037037037,0.456585365853659,0.441253012048193,0.44,0.444760011360409,0.431959345002823,0.43614931237721,0.439174107142857,0.433841886269071,0.430777716492002,0.432684398135454,0.432933478735005
394705,"Middle Tier","Indianapolis, IN",0.277604571334691,0.270635616150482,0.262867467807374,0.254067477054309,0.251766784452297,0.253069541351823,0.254898359870139,0.254753425407416,0.252092452469585,0.247964385394321,0.25084429818253,0.256647662371399,0.263679843882947,0.264878090533558,0.263568492190606,0.263412283785258,0.262978863645609,0.26365596242791,0.263087039253967,0.261654279288985,0.256407890458902,0.255798511242642,0.253880828141147,0.250814788603849,0.246802879575377,0.24596908281451,0.245351066840992
394705,"Upper Tier","Indianapolis, IN",0.179715639810427,0.177054698457223,0.177011070110701,0.177396121883656,0.174676524953789,0.177391304347826,0.177333333333333,0.17463503649635,0.173525179856115,0.166914893617021,0.166678321678322,0.171205179520426,0.173389959595699,0.169085168113782,0.171151091939899,0.17324260561383,0.172099282919655,0.169983119869587,0.17144262295082,0.174983877659159,0.173106849676001,0.171815492277793,0.172602603761724,0.176676131064641,0.174686131629457,0.171387883759374,0.171780574939067
394714,"Bottom Tier","Jacksonville, FL",0.605341246290801,0.613533834586466,0.63219512195122,0.597919075144509,0.563076923076923,0.537801047120419,0.5208,0.537941550190597,0.546356589147287,0.557582128777924,0.576256684491979,0.57891677675033,0.577127937336815,0.565470967741936,0.563877551020408,0.558208955223881,0.541747572815534,0.535165876777251,0.527222222222222,0.526838966202783,0.518774703557312,0.52226588081205,0.524088541666667,0.518338727076591,0.50997425997426,0.510769886969503,0.517917726887193
394714,"Middle Tier","Jacksonville, FL",0.275198156693104,0.278510151852044,0.280973238473808,0.28034834618162,0.277711926043389,0.274478231848407,0.276742028134635,0.277532859070695,0.27879454661691,0.280479640820978,0.283526007256916,0.289163403162409,0.290911810048986,0.286463538570087,0.281507940338852,0.280746749715189,0.282908182035445,0.283074931688515,0.28275222698407,0.280589460734469,0.274577316268651,0.272992057435809,0.270749709759701,0.266685815490945,0.267022048570402,0.265087705255207,0.266259942793456
394714,"Upper Tier","Jacksonville, FL",0.201353025250119,0.203802716225876,0.200762631077216,0.194904996481351,0.189006928406466,0.187109392767796,0.185483870967742,0.187886944818304,0.189757412398922,0.189689608636977,0.193081081081081,0.193271523178808,0.191480519480519,0.186904458598726,0.1816,0.1855,0.1896,0.1902,0.1914,0.195740415935856,0.195981918633852,0.1963251950667,0.19656912209889,0.196510745891277,0.196857577293462,0.198526797053594,0.20152749490835
394735,"Bottom Tier","Kansas City, MO",0.415431472081218,0.446146095717884,0.456,0.461515527950311,0.457481481481481,0.452319018404908,0.446048780487805,0.449486552567237,0.445294117647059,0.448157248157248,0.457536945812808,0.448496420047733,0.431666666666667,0.420674157303371,0.413449781659389,0.412998909487459,0.410980392156863,0.409488574537541,0.413739130434783,0.417495029821074,0.407802027839835,0.40847356282566,0.415251358695652,0.411312790206838,0.409937888198758,0.409580238671451,0.412213740458015
394735,"Middle Tier","Kansas City, MO",0.219394584936015,0.223927829234542,0.231241117547384,0.232854968767078,0.237716684932776,0.237293582337002,0.231079079545931,0.235914989278902,0.231571404597001,0.228018734105239,0.228228504691156,0.226960832289733,0.229539085022274,0.227661344282025,0.228950582402158,0.234497254831865,0.23575562379643,0.238291762405875,0.242604820281036,0.241954623284227,0.238935542159679,0.244560983190555,0.243906550275369,0.240146191184999,0.240679306243991,0.240603043483938,0.241672136506857
394735,"Upper Tier","Kansas City, MO",0.141968819599109,0.144160893854749,0.163372197309417,0.176572571682596,0.174631996474218,0.171466025781079,0.174904679376083,0.177606177606178,0.171996601529312,0.166495582667228,0.1655,0.165994236311239,0.163645240032547,0.160193003618818,0.16302066772655,0.172122475780435,0.172256543375903,0.173143113506631,0.18068304947207,0.182406841132848,0.180180485388087,0.177849592828387,0.180052015436895,0.182833741656291,0.182109590446634,0.181000873280365,0.185619005613098
394775,"Bottom Tier","Las Vegas, NV",0.572842105263158,0.56,0.54,0.55203026481715,0.555114503816794,0.556405648267009,0.564559585492228,0.560205655526992,0.552857142857143,0.541974683544304,0.540301507537688,0.554314720812183,0.560615384615385,0.567046632124352,0.57738219895288,0.57661935483871,0.566717557251908,0.558293601003764,0.563168316831683,0.568667204692636,0.556490431651861,0.560796747651189,0.560991646039604,0.562337787176776,0.564241752360564,0.566123790881967,0.577053888594966
394775,"Middle Tier","Las Vegas, NV",0.27915864040266,0.280890465048689,0.282121859588116,0.280283119317549,0.279061334054869,0.27769615753296,0.277282192850046,0.274683807553047,0.271306672230323,0.271554597214569,0.271816429090679,0.275736217077885,0.277600380380305,0.276698240356183,0.274415492661199,0.273523526819017,0.275613840038382,0.274057601827663,0.273590551915304,0.273720107661739,0.269884480082369,0.273822806417055,0.274601315982516,0.271647406355179,0.27240337907297,0.270819323930401,0.269909256301992
394775,"Upper Tier","Las Vegas, NV",0.212142857142857,0.205629335976214,0.200435643564356,0.19557308355928,0.191575846833579,0.188667807382058,0.186952288218111,0.186492374727669,0.184304285026481,0.183404357194158,0.183542857142857,0.184019002375297,0.183127962085308,0.181446808510638,0.183056603773585,0.181113172541744,0.17956204379562,0.177630161579892,0.176925795053004,0.182105851239494,0.182091496540084,0.182610714193598,0.182918349955251,0.185050010497961,0.184075120128806,0.18395739971692,0.186645844278281
394807,"Bottom Tier","Louisville-Jefferson County, KY",0.576603773584906,0.571034482758621,0.5655,0.549502262443439,0.52268221574344,0.50098730606488,0.493114754098361,0.508351648351648,0.513149171270718,0.512666666666667,0.502122905027933,0.497656675749319,0.506170212765957,0.481246753246753,0.488527918781726,0.501845764854614,0.49632241813602,0.493851944792974,0.5076,0.503976143141153,0.491501976284585,0.489783889980354,0.4962890625,0.493980582524272,0.491119691119691,0.49232245681382,0.502099236641221
394807,"Middle Tier","Louisville-Jefferson County, KY",0.246882595033152,0.249370564786894,0.250736671553416,0.244342326628644,0.24062196525864,0.235096127643902,0.231674887003215,0.231084337251502,0.229624855807505,0.229906964394987,0.230889395741917,0.228019192810464,0.233241708334698,0.228332874857292,0.225291960287136,0.233917678081968,0.238727476754449,0.245546082822847,0.249212636681128,0.250698056578665,0.244726193446018,0.247362596417469,0.249047305740894,0.24662576350586,0.247402240243953,0.2483935415261,0.249372098313577
394807,"Upper Tier","Louisville-Jefferson County, KY",0.179971084337349,0.181833935018051,0.182076923076923,0.177781990521327,0.169682242990654,0.165456221198157,0.162218181818182,0.168763636363636,0.1656,0.164509090909091,0.169854545454545,0.17516742081448,0.174594594594595,0.167784753363229,0.164678571428571,0.171851851851852,0.172473867595819,0.172358003442341,0.17234693877551,0.173246948491248,0.17199848296928,0.172696312353283,0.17720710887786,0.179777600041281,0.179980760677307,0.180910565902764,0.18174072072821
394849,"Bottom Tier","Memphis, TN",0.5616,0.556,0.5488,0.545204582651391,0.542508038585209,0.533080568720379,0.525465838509317,0.533838862559242,0.532475884244373,0.540490998363339,0.572,0.561685575364668,0.553438485804416,0.536036866359447,0.52311377245509,0.51987915407855,0.524634146341463,0.527261538461538,0.534409937888199,0.533445290986997,0.511869982569416,0.520567670136304,0.520428959627329,0.516673701983959,0.500011990695221,0.493556347683027,0.491441847233417
394849,"Middle Tier","Memphis, TN",0.271757417764381,0.271222523629535,0.2662235465062,0.267089551160868,0.265264774029816,0.262810594338764,0.260214272783435,0.256164641706789,0.252833769767449,0.255481506279616,0.259277768811088,0.261782320837026,0.263350269479974,0.260333318398753,0.257864966497959,0.261629178244807,0.266021061477189,0.266334050640075,0.266827354912626,0.265159059092383,0.259484932656896,0.258768987357194,0.260425579203318,0.255199734566692,0.250577172697986,0.247533394628661,0.24664893982914
394849,"Upper Tier","Memphis, TN",0.195942602671945,0.187509184423218,0.18168768186227,0.179669302659957,0.175310279488394,0.174198080074924,0.171666666666667,0.177018114259173,0.177148182665424,0.178176718092567,0.174596622889306,0.174920369332081,0.17413372520477,0.172596323213424,0.170654319360159,0.174338877272413,0.173692566313964,0.171328625889035,0.172624050067054,0.176131656083138,0.174805399442776,0.173581149738833,0.177006559256825,0.178819949736277,0.179880329010257,0.179092499445616,0.182234171274264
394856,"Bottom Tier","Miami-Fort Lauderdale, FL",0.851612903225806,0.860952380952381,0.8625,0.8818779342723,0.889278996865204,0.892935635792779,0.902641509433962,0.908006279434851,0.911097178683386,0.908169014084507,0.91125,0.915692307692308,0.917818181818182,0.916298507462687,0.907764705882353,0.899478260869565,0.891428571428571,0.885633802816901,0.89,0.900596421471173,0.896574440052701,0.909626719056974,0.912109375,0.917799352750809,0.922136422136422,0.915547024952015,0.907124681933842
394856,"Middle Tier","Miami-Fort Lauderdale, FL",0.40370881187787,0.405423602634071,0.406460096890068,0.406899308567927,0.406647557996696,0.408245640828561,0.411404258129666,0.411344676566281,0.407419242851637,0.409060919287442,0.411699831024691,0.420069151214088,0.427032382444731,0.427911662745746,0.423499080664398,0.425179184844506,0.428315230415585,0.429066465304401,0.431154397835075,0.432835716909039,0.4311943729725,0.437169949719969,0.441586599356107,0.438525341002411,0.433610084589191,0.425937347000386,0.424781510829284
394856,"Upper Tier","Miami-Fort Lauderdale, FL",0.275705365945261,0.267853896179576,0.262222222222222,0.260612479852636,0.25792029317453,0.257115516062884,0.258495013599275,0.259670354481824,0.259865047233468,0.261886623347524,0.263142857142857,0.262202643171806,0.261391304347826,0.258025751072961,0.256067796610169,0.259949367088608,0.261680672268908,0.263397489539749,0.2665,0.274317213730895,0.276845806127574,0.27676818525044,0.273461150353179,0.269734513274336,0.269741510390269,0.269646939293879,0.267718940936864
394862,"Bottom Tier","Milwaukee, WI",0.568235294117647,0.549942857142857,0.539333333333333,0.555083798882682,0.539325842696629,0.552542372881356,0.576136363636364,0.590914189568144,0.566112956810631,0.562274466921815,0.563066954643629,0.546058528868969,0.536012364760433,0.519768320322337,0.501871921182266,0.518514826812858,0.523449319213313,0.536463383516203,0.553512396694215,0.555756370865715,0.547561493483161,0.552249590024193,0.55325090392562,0.55062986439862,0.537269855451674,0.536555574943291,0.535849473219355
394862,"Middle Tier","Milwaukee, WI",0.235356066907013,0.243063257802803,0.245032415011001,0.262373085226508,0.263288373839714,0.280938136884242,0.298110314434014,0.295447843896945,0.290402262393688,0.277404764933357,0.28089946301424,0.287838315928313,0.292782490423193,0.28243956324758,0.277475733490951,0.283564220017834,0.283320261428331,0.290034398457363,0.290984559010307,0.28431359761228,0.280171022825262,0.28280424499646,0.276338945299433,0.26907883732002,0.268623188787908,0.270285730694907,0.269911502960672
394862,"Upper Tier","Milwaukee, WI",0.174202395100101,0.168851342144706,0.159559487272071,0.191142818683537,0.201373895976447,0.206696527562198,0.204444444444444,0.198635170603675,0.2046875,0.203100775193798,0.201948717948718,0.197995923913043,0.199865001687479,0.195171026156942,0.203932022659114,0.194009630294622,0.182850743880979,0.18558544427888,0.196615384615385,0.201592043636644,0.197318703396051,0.18689229220314,0.191694481099123,0.19931926480599,0.20033529572303,0.198823782262949,0.204261319128936
394865,"Bottom Tier","Minneapolis-St Paul, MN",0.55746835443038,0.567226890756303,0.582426778242678,0.591975334361068,0.586009459795868,0.582076602074123,0.583607636603028,0.585341939700956,0.582184001298069,0.578103601063401,0.58176,0.586824925816024,0.580508806262231,0.571539206195547,0.571034482758621,0.572079772079772,0.564971751412429,0.557086834733894,0.563555555555556,0.569472056549591,0.562143170838823,0.563195808775377,0.56640625,0.563106796116505,0.561132561132561,0.554489230113031,0.559796437659033
394865,"Middle Tier","Minneapolis-St Paul, MN",0.248945243387924,0.253723845699915,0.256890483621199,0.259633183709706,0.260844988780911,0.257729997544763,0.255025197598328,0.25145650409862,0.250360856312926,0.252515218551118,0.25369319721276,0.2588390463561,0.261414236198432,0.260215806347256,0.256535473882391,0.253568595353975,0.253124704306074,0.251666182420547,0.252850642436088,0.253872425453773,0.25016983752303,0.252187469300404,0.253582204953733,0.251409310639155,0.252235834028929,0.25212483680633,0.253765866185908
394865,"Upper Tier","Minneapolis-St Paul, MN",0.164478764478764,0.174195028680688,0.176363636363636,0.175819209039548,0.171685393258427,0.17054748603352,0.171111111111111,0.170950458715596,0.166516363636364,0.166227027027027,0.170485714285714,0.173380782918149,0.174127659574468,0.175378091872792,0.172394366197183,0.169901196047842,0.16477978832366,0.161022364217252,0.162544731610338,0.167693413560232,0.164158194978796,0.162608542052493,0.166829497284708,0.170426241539386,0.171621059250176,0.172094181166494,0.176618496758755
394902,"Bottom Tier","Nashville, TN",0.567333333333333,0.572666666666667,0.572,0.561632653061224,0.55424,0.540862745098039,0.532307692307692,0.544203821656051,0.53893670886076,0.528905660377359,0.534,0.536780487804878,0.527428571428571,0.517953488372093,0.516,0.525507900677201,0.521434977578475,0.517951002227171,0.527787610619469,0.546279843065501,0.549337157648046,0.554966357772485,0.579715154867257,0.583555288255005,0.57761301124133,0.578873167665993,0.579105586705398
394902,"Middle Tier","Nashville, TN",0.279198674910402,0.278239232696244,0.279489665410253,0.280403380980629,0.279370601515334,0.277603184579929,0.277532295043149,0.274387314917438,0.270610968280111,0.271130153196196,0.274037890993689,0.279791769324676,0.284034522171803,0.283736494368056,0.280324229094476,0.280835866060865,0.285420375879869,0.289892844977968,0.291344162795201,0.292533378875779,0.288794138563853,0.289953870513347,0.290563464539259,0.288292655789298,0.28902991584409,0.28676847095705,0.289009326399454
394902,"Upper Tier","Nashville, TN",0.194285714285714,0.1976,0.202285714285714,0.206150943396226,0.204448598130841,0.204333333333333,0.207412844036697,0.209230769230769,0.203682083520431,0.196649633414797,0.198522427440633,0.202160052049447,0.199024390243902,0.196073464217859,0.1997,0.205261855670103,0.203461224489796,0.202278787878788,0.206016,0.211291405662741,0.208586639879458,0.207319405990435,0.211568113017154,0.217001264222503,0.217009630005068,0.214774701549403,0.216146639511202
394910,"Bottom Tier","New Orleans, LA",0.959825009114109,0.940569586243955,0.931267605633803,0.965905096660808,0.954947368421053,0.92553415061296,0.884475524475524,0.89261698440208,0.908041237113402,0.879045996592845,0.887837837837838,0.904429530201342,0.9168,0.921854304635762,0.908684210526316,0.928421052631579,0.937894736842105,0.945,0.943421052631579,0.944857172752956,0.922092781360516,0.936045910453934,0.935958059210526,0.931272355646398,0.909114001219264,0.901606222850793,0.902470871836079
394910,"Middle Tier","New Orleans, LA",0.314787800702711,0.321039940407236,0.330183546341843,0.342194896888981,0.345956020588251,0.344595269213368,0.341520365254957,0.337043428950992,0.330239161297368,0.335591202236052,0.344398937037094,0.343792017201848,0.342739003462764,0.341465147080352,0.342614103724967,0.34852928902217,0.355512422506652,0.36396815655149,0.358535056412112,0.362155538754334,0.360046270409131,0.354174618969612,0.350897381626589,0.340476441672923,0.338645305004263,0.337423264635209,0.335976264541659
394910,"Upper Tier","New Orleans, LA",0.179795686719637,0.190876226545016,0.201764705882353,0.202312461327542,0.193854359368618,0.194126253434679,0.199594779248928,0.195135954809061,0.189955169196459,0.186021950482754,0.194260563380282,0.20226148409894,0.199255319148936,0.192277580071174,0.196928571428571,0.205789473684211,0.206689655172414,0.203898305084746,0.1976,0.202355299423703,0.199397287795078,0.199848980619179,0.191321897073663,0.188925410872314,0.190268626457172,0.188468376936754,0.192057026476578
394913,"Bottom Tier","New York, NY",NA,NA,NA,NA,0.986805194805195,0.973625806451613,0.983384615384615,0.993630573248408,0.980050632911392,0.982339622641509,0.9972,1.023,1.0194,1.0194,1.023,1.05148514851485,1.05705882352941,1.0421359223301,1.04711538461538,1.06380945098639,1.05465186986926,1.05410306785552,1.05806790865385,1.06366691560866,1.04692604692605,1.02927063339731,1.02943335290664
394913,"Middle Tier","New York, NY",0.362144119695802,0.364638993562,0.367109239945194,0.368676619868908,0.373924872603435,0.371309978870206,0.371539320935492,0.366752607065689,0.360854529611991,0.367683275064438,0.380269600468052,0.393362874518792,0.392631121793939,0.389698308109391,0.388842664462229,0.396133247896321,0.401480052381061,0.407524254989227,0.407760714078519,0.405455305837022,0.406254387071856,0.40814212869958,0.404473529673037,0.396552249261414,0.39495992123947,0.391712430527782,0.388020828766648
394913,"Upper Tier","New York, NY",NA,NA,NA,NA,0.231315789473684,0.228392156862745,0.229168831168831,0.233116339026748,0.226487523992322,0.22414734836456,0.228272383354351,0.234265188193035,0.229229340761374,0.222444410366508,0.22351367781155,0.231643961350473,0.22923698284908,0.22615763013656,0.232445691495932,0.245845827861661,0.245621505502947,0.248096732816631,0.270456057327994,0.275997484093033,0.261529125556886,0.252158268094396,0.25323919563382
394935,"Bottom Tier","Oklahoma City, OK",0.453727810650888,0.456752136752137,0.445054945054945,0.443076923076923,0.439257294429708,0.426179921773142,0.437538461538462,0.46141935483871,0.466909090909091,0.468705882352941,0.471157894736842,0.476215505913272,0.474330708661417,0.471821756225426,0.471204188481675,0.469416342412451,0.463341902313625,0.45859872611465,0.462424242424242,0.478944514729803,0.471313929811954,0.470917425730785,0.471117424242424,0.46543100912033,0.458640458640459,0.45076484615832,0.453388850335415
394935,"Middle Tier","Oklahoma City, OK",0.256167037661555,0.255641261163555,0.248278616431796,0.245820107831398,0.24465700831981,0.246532999338824,0.245402230499909,0.243224625712206,0.245425481039607,0.250267600593405,0.254913557626964,0.260422230610176,0.265666426613819,0.262844197204315,0.262184790808692,0.264490273412582,0.263886587711024,0.262454308859977,0.266818998161423,0.266699318592297,0.258850816279014,0.254486852158076,0.250437526189948,0.243774356406575,0.236417007020706,0.234461540915513,0.232319630561446
394935,"Upper Tier","Oklahoma City, OK",0.163247524752475,0.171428571428571,0.166352941176471,0.16770802919708,0.167768115942029,0.166906474820144,0.168571428571429,0.17445330830596,0.171285846438483,0.166019151846785,0.161546762589928,0.162882233731142,0.162489851150203,0.164373164671335,0.167782805429864,0.170270632968016,0.168031844316674,0.165108244041111,0.166920415224913,0.169481679800312,0.166736473299397,0.165546504650334,0.165817618078275,0.166299940069729,0.16436424604128,0.162208767324109,0.162051881972389
394943,"Bottom Tier","Orlando, FL",0.585902578796562,0.603328467153285,0.620714285714286,0.614264749046082,0.602431962941517,0.59502999143102,0.598647125140924,0.598996095928611,0.594701986754967,0.592463134898962,0.595459459459459,0.595072847682119,0.587220779220779,0.574777070063694,0.5628,0.5724,0.5784,0.5826,0.5934,0.608946322067594,0.610671936758893,0.622396856581532,0.6263671875,0.633203883495146,0.633590733590734,0.632245681381958,0.637213740458015
394943,"Middle Tier","Orlando, FL",0.30006545355393,0.299987295265801,0.300571736888263,0.301119968657173,0.301527471278623,0.304490784412341,0.308087157787549,0.307397216491787,0.305193070797769,0.30705219058403,0.310203337864195,0.314907006424871,0.316942844386231,0.314293054006358,0.310064942752253,0.309741365959424,0.311977121677744,0.312223226366854,0.315563352846689,0.31584384799936,0.31360174715422,0.313275905848975,0.314554763700978,0.31364015080902,0.315208528015859,0.314746317886998,0.314737756707321
394943,"Upper Tier","Orlando, FL",0.201012145748988,0.194124748490946,0.19128,0.193963581940634,0.194365355898457,0.190355103054383,0.189098116947473,0.190308370044053,0.19137330754352,0.189316770186335,0.18957507082153,0.192359130231471,0.192533580361278,0.191603578802478,0.192109090909091,0.195358916478555,0.194798206278027,0.192855233853007,0.194442477876106,0.19913832672185,0.197668268269158,0.196726131475958,0.196851307787789,0.200843560856091,0.204638729036686,0.208774930824198,0.208928861092587
394974,"Bottom Tier","Philadelphia, PA",0.680738786279683,0.657075098814229,0.656842105263158,0.670994764397906,0.65625,0.647253886010363,0.655051546391753,0.664143222506394,0.648121827411168,0.630528967254408,0.6396,0.641771217712177,0.627021791767554,0.613301549463647,0.611267605633803,0.635277449822904,0.64874109263658,0.647455197132616,0.661730769230769,0.667533261966662,0.656164487686227,0.653430557654526,0.665377103365385,0.668782673637043,0.661011286011286,0.651668389192382,0.650139459776864
394974,"Middle Tier","Philadelphia, PA",0.300484919787333,0.302108996367037,0.301783012497331,0.299620887856182,0.302196725998636,0.301953560341131,0.29944310268707,0.296074349793809,0.290689658076372,0.293411536866497,0.293939153807649,0.294527018790738,0.294687205076039,0.29240670908789,0.28832777748461,0.289660741927503,0.289721056692856,0.287703497930739,0.28872283931985,0.289498345325568,0.286786249906238,0.287050755250713,0.288661242256028,0.285380033496927,0.282847147912915,0.28005025763126,0.278534201911311
394974,"Upper Tier","Philadelphia, PA",0.186947561254866,0.188693304946204,0.190425693076807,0.192519152771519,0.189393713689855,0.18569951248338,0.187076923076923,0.189207272727273,0.186541516245487,0.182795698924731,0.184227758007117,0.185825550660793,0.183623036649215,0.181462402765774,0.180493150684932,0.182187393526405,0.179715254237288,0.177349072512648,0.179919463087248,0.184764713894854,0.182997987588443,0.18106108852202,0.186592080401466,0.189949006864134,0.187851430554091,0.185907915439992,0.188630243715742
394976,"Bottom Tier","Phoenix, AZ",0.574973262032086,0.565669291338583,0.559175257731959,0.559792207792208,0.555392670157068,0.557255936675462,0.566808510638298,0.564631412369774,0.558723515563693,0.554157478272149,0.55645908389089,0.560991186613871,0.555718995688562,0.55173108397331,0.5484,0.551852760736196,0.546506024096385,0.542485207100592,0.544186046511628,0.552591428175135,0.545454545454545,0.558687805546672,0.584302325581395,0.59011063445473,0.5839992816737,0.575815738963532,0.585833481271081
394976,"Middle Tier","Phoenix, AZ",0.278157367234601,0.272193107202664,0.270683826582053,0.268776497594731,0.267146765683791,0.268831848639379,0.268535191265449,0.269423645976859,0.269227119897859,0.2689561990299,0.268251062784069,0.268408009307264,0.267926855892074,0.265717355548807,0.264113024176615,0.264865895397278,0.266974659526207,0.267572062934585,0.267760129019589,0.268217897155938,0.264726794612073,0.267932298525778,0.268743577120093,0.26605019720072,0.266200226528772,0.265029173068818,0.265483043723423
394976,"Upper Tier","Phoenix, AZ",0.207247579529737,0.204166856621837,0.196825969341749,0.19596676397934,0.194469798657718,0.192877200802318,0.191509769094139,0.191809355692851,0.189789473684211,0.189468177855275,0.186967071057192,0.18360487491982,0.181747572815534,0.179137320275057,0.176296296296296,0.178593272171254,0.178715151515152,0.182006006006006,0.185333333333333,0.186323990884251,0.184353399823013,0.185729867078974,0.188361923982509,0.192354463909458,0.196847923153042,0.199523446665941,0.198719813791097
394982,"Bottom Tier","Pittsburgh, PA",0.614178674351585,0.558297872340425,0.527597765363128,0.522651622002821,0.505299145299145,0.510388489208633,0.530232558139535,0.524827586206897,0.524318181818182,0.525842696629213,0.529333333333333,0.52687757909216,0.515313351498638,0.51497975708502,0.512085561497326,0.518475689881735,0.515348837209302,0.502566709021601,0.5028,0.502783300198807,0.484387351778656,0.489194499017682,0.4974609375,0.481747572815534,0.466216216216216,0.457773512476008,0.458015267175573
394982,"Middle Tier","Pittsburgh, PA",0.261451124766248,0.249754453726395,0.247329052342247,0.238024860374306,0.227959441299833,0.228866331798803,0.232575496750925,0.228198380140865,0.22694975538947,0.227149475087615,0.227286295363675,0.226494509499048,0.232871432846283,0.235813670944662,0.230299879191962,0.239734179106428,0.244771419893989,0.238355392594742,0.238462695631341,0.243893307375098,0.239351784701323,0.242307671449309,0.241034036014502,0.231700554413627,0.226810067120814,0.222987800831283,0.223792068957974
394982,"Upper Tier","Pittsburgh, PA",0.175853739402264,0.172844474601652,0.170794414131138,0.165216791893569,0.162776889700845,0.169409201298259,0.181808337845154,0.181826308496849,0.173235320166504,0.173331578254574,0.177704347826087,0.178862068965517,0.175384615384615,0.172169491525424,0.169210084033613,0.176216441207076,0.175868041237113,0.171603677221655,0.172080971659919,0.176364431306472,0.171297152977874,0.168750401240764,0.173055474983352,0.169813232877974,0.163699826196158,0.161803465307335,0.16593418372816
394998,"Bottom Tier","Portland, OR",0.601666245897501,0.61510978786751,0.620487804878049,0.637871825876663,0.635971223021583,0.62782401902497,0.635094339622642,0.650704225352113,0.642056074766355,0.647441860465116,0.659444444444444,0.654594594594595,0.643157894736842,0.62,0.613,0.626920712968654,0.625392986698912,0.622486615110054,0.635128805620609,0.656948240300585,0.662772722644426,0.666688138104287,0.682907640515222,0.694845501466542,0.69443816516416,0.688191956559849,0.688274308597172
394998,"Middle Tier","Portland, OR",0.278483040990604,0.283572211168972,0.284864339375093,0.287287578998647,0.29309587942313,0.291450933463296,0.29091926142952,0.286830234752032,0.282951111991679,0.288107253165173,0.29057652963205,0.293402623688691,0.296264373736224,0.295712420506403,0.290945819499864,0.290004398140178,0.296475879126643,0.301122534845303,0.306330917656569,0.309186978223748,0.306602547656223,0.308494161017953,0.309975890764052,0.308748212540745,0.30968487428975,0.308259650862776,0.308886456649293
394998,"Upper Tier","Portland, OR",0.164275862068966,0.169846153846154,0.181830508474576,0.186610597140454,0.18220367278798,0.180447390223695,0.182368421052632,0.185287262318544,0.175095567303782,0.180448938321537,0.184971842316975,0.188405911330049,0.186141367323291,0.180511266805529,0.175453194650817,0.182979036410445,0.186249089584851,0.18659935088352,0.193714285714286,0.203515051723521,0.20474994618641,0.205300061126892,0.211128729998558,0.215943651797002,0.213308232568243,0.208570702855691,0.211841722432354
395005,"Bottom Tier","Providence, RI",0.849230769230769,0.709317507418398,0.712857142857143,0.724955752212389,0.716491228070175,0.715826086956522,0.739310344827586,0.752402745995423,0.752391799544419,0.731292517006803,0.728668171557562,0.736500838457239,0.743521594684385,0.711574328030719,0.695869565217391,0.729292389853137,0.747086614173228,0.743845161290323,0.743756345177665,0.767173608097607,0.752392608495014,0.765909068243695,0.775697969543147,0.787147010990094,0.774356662681536,0.767559457115855,0.783508350447553
395005,"Middle Tier","Providence, RI",0.327908821692545,0.310439895136291,0.308303138421376,0.308195242926389,0.306349618411545,0.320259609466793,0.320615071389438,0.315054134782582,0.307845369474399,0.310327669938225,0.312190822549733,0.309534200247846,0.306676614498386,0.295736889382698,0.29536366296339,0.300001476800519,0.308749274133945,0.311504512874967,0.30907377981317,0.313773669599303,0.308525737284061,0.309983171498091,0.311022843979926,0.304688968954522,0.302940666469466,0.302811355436051,0.304004704175687
395005,"Upper Tier","Providence, RI",0.208713375796178,0.186548895899054,0.1847,0.186589307915458,0.185391591096455,0.183911439114391,0.184306688417618,0.183019480519481,0.181260096930533,0.178456591639871,0.177024,0.177587641117053,0.179929384072185,0.17560520691665,0.177644341801386,0.182164062950366,0.181420513410844,0.184816964542268,0.192609593757172,0.199300848299539,0.198091319129795,0.196691449704602,0.19926874577185,0.206871718121035,0.202969605394655,0.199889130556319,0.208948121500294
395012,"Bottom Tier","Raleigh, NC",0.472533333333333,0.468395604395604,0.462782608695652,0.469462129527991,0.475742793791574,0.481612541993281,0.491945701357466,0.505119453924915,0.503066361556064,0.501542002301496,0.515555555555556,0.518052095130238,0.510332594235033,0.498762214983713,0.490212765957447,0.481486068111455,0.468937875751503,0.464109055501461,0.471363636363636,0.475329839146936,0.46397772188286,0.46302911234149,0.474076704545455,0.480141218005296,0.476921726921727,0.475920432734252,0.484038861901457
395012,"Middle Tier","Raleigh, NC",0.249448561747494,0.249101529274615,0.247218997361478,0.246250313746939,0.251459350200173,0.250815926508171,0.247975584971262,0.246424059841326,0.242445373641956,0.242463404860902,0.246143939679156,0.252257021440047,0.252617201939993,0.249849246976755,0.248055403495818,0.246839640464518,0.247875590415539,0.249064511300703,0.248172930885541,0.245654573807245,0.240164313731787,0.238284727645678,0.234241693002029,0.229237537936906,0.22870849428926,0.228695850825394,0.231112725822691
395012,"Upper Tier","Raleigh, NC",0.172150668286756,0.173140411656817,0.173059885151764,0.172242744063325,0.169321012454801,0.168272022270829,0.167244094488189,0.166810495626822,0.165190019193858,0.163336492890995,0.162966292134831,0.166585594013096,0.16625046728972,0.164750700280112,0.164507462686567,0.167691325367144,0.168938068891665,0.166526334177657,0.163475880944235,0.164996627289952,0.162812711942022,0.163016199235362,0.16346916984299,0.163592035441481,0.16271668898588,0.161420233890759,0.163462335727669
395022,"Bottom Tier","Richmond, VA",0.54,0.53640146878825,0.543374083129584,0.55759065765212,0.561285537700865,0.562635177128651,0.5766,0.569451887941535,0.555249406175772,0.541738122827346,0.534298642533937,0.535488215488215,0.530244988864143,0.52614364640884,0.524210526315789,0.525065502183406,0.523304347826087,0.521558441558442,0.52448275862069,0.530095290327004,0.524396892462859,0.520798048912675,0.522797683189655,0.522263140274523,0.51474504060711,0.515255807796677,0.520202684917083
395022,"Middle Tier","Richmond, VA",0.249780942323835,0.250794971088622,0.25157531322104,0.253931378217436,0.256827011044088,0.262161267204333,0.265384880557358,0.263161732882055,0.260110288416408,0.259717014951421,0.263861060596011,0.26947473156171,0.26904400145182,0.266060152226217,0.26177662367742,0.259377151797081,0.261479173987885,0.260622763358151,0.260549818888491,0.259825060195073,0.255906525760824,0.259304219551922,0.258906162952896,0.254822155370731,0.252392013689954,0.251134206869488,0.249519874971297
395022,"Upper Tier","Richmond, VA",0.168310344827586,0.169965517241379,0.173689655172414,0.17774358974359,0.174203389830508,0.173243697478992,0.176,0.175506172839506,0.172585365853659,0.168578313253012,0.168285714285714,0.171375,0.168,0.166545454545455,0.165223880597015,0.163754189944134,0.163092936802974,0.161721706864564,0.164177777777778,0.168646120437651,0.16759863831687,0.166456917526638,0.167552416190156,0.170361005759236,0.16804640423495,0.166804955832134,0.169812174700158
395025,"Bottom Tier","Riverside, CA",0.71872,0.736429530201342,0.740108108108108,0.738313253012048,0.724456233421751,0.709592641261498,0.700625,0.697441253263708,0.698010471204188,0.705511811023622,0.713052631578947,0.709402597402597,0.707692307692308,0.701772151898734,0.693,0.695522388059701,0.695643564356436,0.69871921182266,0.711764705882353,0.718629400070167,0.707393629388514,0.718825840748873,0.727251838235294,0.723586521987436,0.725641607994549,0.732753754092808,0.743713515940727
395025,"Middle Tier","Riverside, CA",0.358155329502903,0.358023609528936,0.35777515841736,0.356333608663537,0.356341262619698,0.353870818648144,0.352963777044162,0.349391656139804,0.345544187072595,0.350943319725582,0.35192917341057,0.357484238780672,0.356441109015515,0.351715570569488,0.348169184678133,0.351050269023996,0.355474501060068,0.35674394978503,0.357325275451646,0.357368223123551,0.354453432248838,0.356525890248684,0.358476444155823,0.355682908960475,0.357092640077309,0.356714827393673,0.361164642872102
395025,"Upper Tier","Riverside, CA",0.243240324032403,0.246591625393967,0.243891891891892,0.238818263205013,0.235943060498221,0.234164456233422,0.230931458699473,0.227407083515523,0.22443864229765,0.224200952793417,0.224275862068966,0.224054864980712,0.223427109974425,0.222704535820263,0.220370994940978,0.223028286189684,0.223645320197044,0.222884927066451,0.219744,0.219950889501378,0.220737317930688,0.222783790586459,0.22629263370333,0.22933198482933,0.23335833755702,0.236037592075184,0.238631364562118
395045,"Bottom Tier","Sacramento, CA",0.72125,0.70625,0.713125,0.723424124513619,0.710077519379845,0.70054054054054,0.703384615384615,0.709885057471264,0.707786259541985,0.701444866920152,0.707272727272727,0.71218045112782,0.709253731343284,0.702814814814815,0.704117647058824,0.706086956521739,0.703428571428571,0.700281690140845,0.703888888888889,0.711840070686989,0.709266578831796,0.718729535036018,0.732421875,0.74217907227616,0.742170742170742,0.746960972488804,0.761238337574215
395045,"Middle Tier","Sacramento, CA",0.310003674951357,0.305418615681397,0.304656844138405,0.304395362225141,0.305971398138459,0.306571906336502,0.309703764113992,0.306869483439924,0.300863968885044,0.302147822778681,0.300568261870098,0.304883181045041,0.305219385449732,0.303021554878929,0.297879717496665,0.296882682158175,0.301035920627914,0.30414388711535,0.306388648771831,0.30620105061281,0.303083945528342,0.310001418399746,0.314619018089653,0.315904008698427,0.315972366016158,0.315883704597665,0.318528430292611
395045,"Upper Tier","Sacramento, CA",0.202729175387191,0.198661957199252,0.198019801980198,0.196918032786885,0.195244299674267,0.192621359223301,0.191479099678457,0.193062030817859,0.188531468531469,0.183599541459687,0.18009022556391,0.181510348685437,0.179711431742508,0.178909891723252,0.180480699198835,0.182360337704329,0.180531726338178,0.178919013468602,0.180082872928177,0.18530644225751,0.186640989424787,0.189399996940676,0.193509541676191,0.196296736070852,0.198004553180646,0.19896238687505,0.202625153312104
395053,"Bottom Tier","Salt Lake City, UT",NA,0.562751106571331,0.549866666666667,0.549016216216216,0.531536842105263,0.512984615384615,0.50688,0.52128,0.52752,0.53808,0.55392,0.559841584158416,0.560470588235294,0.553631067961165,0.546923076923077,0.543636363636364,0.54089552238806,0.533382352941177,0.537826086956522,0.537643702999395,0.52285616085238,0.524899632698386,0.530740489130435,0.533558463486703,0.526691287560853,0.524493031795043,0.532691669432459
395053,"Middle Tier","Salt Lake City, UT",0.256283787906832,0.256731556326438,0.253080372914656,0.257670054321307,0.258255841396809,0.256103212260147,0.25401252122717,0.250949563919568,0.251422513418784,0.257304253242592,0.261283155841582,0.265135902562719,0.262344597803156,0.257580906823297,0.255577283287008,0.254465138558338,0.258253096468058,0.261536305678773,0.261284424391702,0.259318597711448,0.257132439111861,0.261038800101158,0.261142937354829,0.257746089480297,0.259000356676678,0.256840769796268,0.259848311463469
395053,"Upper Tier","Salt Lake City, UT",NA,0.171099504486407,0.171610619469027,0.173107932379714,0.168734069668649,0.159733444398167,0.16078431372549,0.157089125102208,0.159378068739771,0.16029484029484,0.16544262295082,0.165231519090171,0.162608695652174,0.157254588986433,0.157215189873418,0.161784037558685,0.163839009287926,0.161715160796325,0.165545454545455,0.171021161249174,0.172138258527008,0.177013019701165,0.179708283643702,0.186277439374784,0.186702299221306,0.183896367792736,0.186261803369746
395055,"Bottom Tier","San Antonio, TX",0.56856338028169,0.561902097902098,0.555333333333333,0.546,0.542,0.541333333333333,0.554,0.568,0.566666666666667,0.562,0.562,0.563027027027027,0.554526315789474,0.545230769230769,0.5382,0.55044776119403,0.553663366336634,0.545615763546798,0.551764705882353,0.560753128289089,0.549290862590095,0.552987403212759,0.561810661764706,0.561964591661907,0.570065864183511,0.569605961386474,0.578693309384823
395055,"Middle Tier","San Antonio, TX",0.278339742365426,0.27391617008821,0.268093576057801,0.266099695435938,0.268754316556815,0.272149189411531,0.274307634297941,0.273534851299004,0.270481862740154,0.270093977428907,0.271004007786864,0.274442089135492,0.278403603523054,0.27767610344697,0.276634125817425,0.276139331568736,0.278960540420289,0.281665560254891,0.285263063066376,0.287185552312561,0.282714428501706,0.28251691516891,0.283269439025215,0.281293102973698,0.280125379380529,0.278523243657539,0.278403690388046
395055,"Upper Tier","San Antonio, TX",0.186315789473684,0.182608695652174,0.179672131147541,0.179753986332574,0.178523245214221,0.178495212038304,0.181970802919708,0.185139765554554,0.182245989304813,0.181638766519824,0.183554006968641,0.187871416159861,0.184159445407279,0.181918755401901,0.185379310344828,0.188,0.187118644067797,0.187563025210084,0.192,0.197143573039339,0.195781014565545,0.193506166624717,0.195459132189707,0.196106194690265,0.194526102382159,0.194869189738379,0.19867617107943
395056,"Bottom Tier","San Diego, CA",0.968255528255528,0.918790810157195,0.894285714285714,0.909503546099291,0.907605633802817,0.888391608391608,0.88,0.861621621621622,0.843157894736842,0.823076923076923,0.8095,0.8315,0.838,0.835,0.8385,0.855587628865979,0.857142857142857,0.859151515151515,0.87456,0.880795228628231,0.876521739130435,0.888330058939096,0.9140625,0.930640776699029,0.944247104247104,0.939270633397313,0.949007633587786
395056,"Middle Tier","San Diego, CA",0.40333573812507,0.396927429482451,0.397190506460393,0.396435226157653,0.40153021460363,0.401551635688678,0.396327889989947,0.399366346572351,0.390768935812301,0.389119118757405,0.39476461530204,0.400965173650778,0.40342134510262,0.403049517223067,0.398106214209355,0.397842481313701,0.403385211593838,0.409365408772646,0.410068288378522,0.406513352724589,0.401305150255813,0.407588759245472,0.411205607905759,0.409417041998437,0.408683834158376,0.407160022983215,0.409115163281511
395056,"Upper Tier","San Diego, CA",0.275770114942529,0.267611428571429,0.265727272727273,0.26085393258427,0.2528,0.245098901098901,0.241391304347826,0.243625899280576,0.2388,0.235914893617021,0.241859154929577,0.244763744949939,0.246225026288118,0.243483126420703,0.24427076064201,0.247287699433865,0.248423894701316,0.249842271293375,0.250745098039216,0.254769309377472,0.253690627431284,0.255133918656816,0.259986941295186,0.2630376044223,0.261888435049641,0.262008994606225,0.268998841899285
395057,"Bottom Tier","San Francisco, CA",0.924266666666667,0.868344370860927,0.853684210526316,0.852077087794433,0.831966527196653,0.813251533742331,0.80304,0.805544554455446,0.800470588235294,0.801553398058252,0.81,0.800909090909091,0.812686567164179,0.808676470588235,0.797391304347826,0.834468085106383,0.855,0.864489795918367,0.8844,0.917693836978131,0.923320158102767,0.933988212180747,0.9453125,0.95495145631068,0.956756756756757,0.954318618042227,0.958778625954198
395057,"Middle Tier","San Francisco, CA",0.371447405624799,0.381689732562618,0.384035478655052,0.380627564663959,0.387147772980666,0.385977659933338,0.388374589519927,0.378086068083234,0.36813094987797,0.37068840658633,0.371015949447374,0.373451847995374,0.378547575346965,0.383255114418907,0.383187780407144,0.399048655148836,0.414620249784329,0.421397974672657,0.429555871933192,0.436783859238411,0.432470341979966,0.427284364471271,0.424056286937262,0.417842887630153,0.4087948375584,0.403308665243281,0.403049477969627
395057,"Upper Tier","San Francisco, CA",0.258696682464455,0.242531497216525,0.232834782608696,0.235511777301927,0.235206751054852,0.231384615384615,0.230950819672131,0.234114441416894,0.231717391304348,0.236162601626016,0.24252972972973,0.243305960264901,0.240498701298701,0.239877707006369,0.24006,0.250914425427873,0.256478468899522,0.254669789227166,0.258550458715596,0.269946829908579,0.273376985425239,0.270671066395417,0.274729445745656,0.279808394901356,0.272076705245586,0.263918179212505,0.267269567817037
395059,"Bottom Tier","San Jose, CA",0.83826714801444,0.787724867724868,0.776689655172414,0.818896551724138,0.830068965517241,0.828,0.867724137931035,0.866622516556291,0.840764331210191,0.811656441717791,0.789940828402367,0.800830860534125,0.796428571428571,0.805970149253731,0.821676646706587,0.8713353115727,0.901764705882353,0.905772594752187,0.933294797687861,0.968064445695768,0.975347848934177,0.985611592491227,1.00219020953757,1.01116785453729,0.996272903787355,0.982215170914094,0.998433570136345
395059,"Middle Tier","San Jose, CA",0.340744393807421,0.337485029631761,0.336710252711248,0.334695421171088,0.341684187672896,0.342953868889439,0.341369112604756,0.336149346931046,0.331400165700083,0.336966937747385,0.336182493917878,0.3414296725061,0.341855792250157,0.347791687613836,0.353900333912677,0.369736416962439,0.383655544202621,0.385504349210681,0.392798033687911,0.392667995965179,0.388673205609805,0.388634474462098,0.38523263929267,0.379039706564332,0.37131368692791,0.36566210147048,0.364745877053974
395059,"Upper Tier","San Jose, CA",0.214606860158311,0.212526727509778,0.216123711340206,0.216100469364455,0.209662752935299,0.200526510025833,0.203470673776054,0.205689467969598,0.201604612058612,0.205132129618558,0.207657142857143,0.210062200564608,0.203426410569762,0.204678402397085,0.21361705932317,0.226779538192958,0.228559097088845,0.226561588476755,0.229787234042553,0.236878408208206,0.236558882933149,0.23175206108063,0.233035997317535,0.236351064620915,0.231967607761095,0.22786929178364,0.229309039558103
395078,"Bottom Tier","Seattle, WA",0.622989473684211,0.613639207507821,0.606446280991735,0.615155279503106,0.617427385892116,0.611725571725572,0.6155,0.619051546391753,0.618122448979592,0.610424242424242,0.61248,0.61421359223301,0.609962264150943,0.595376146788991,0.582857142857143,0.590408525754885,0.590671378091873,0.586713532513181,0.594965034965035,0.605597186114085,0.600348268332458,0.608350392240373,0.622404938811189,0.632222146785254,0.636660636660637,0.632189307813108,0.639780067260983
395078,"Middle Tier","Seattle, WA",0.291825777693148,0.291278063518124,0.289514243383048,0.287992553521564,0.29009679719099,0.29236378505469,0.290979676139129,0.28661193313721,0.282876397244376,0.284282085950783,0.288134559015074,0.291117908039401,0.299181979015222,0.300591038640451,0.296064623800014,0.29409174347555,0.295769333821817,0.297317239932034,0.298817275434046,0.302175368117023,0.303305035852633,0.307012819131746,0.312914281149718,0.315059694023313,0.313855725586427,0.310467222142673,0.310670263545949
395078,"Upper Tier","Seattle, WA",0.192970588235294,0.187391304347826,0.186342857142857,0.188644428672818,0.184739069111425,0.180042046250876,0.18091922005571,0.183864772746933,0.182152068503043,0.1827571474956,0.186615938582784,0.190919565181091,0.187513547242931,0.183753573793794,0.183242212333121,0.188698532891623,0.187986219855935,0.186538162599098,0.191407407407407,0.201193425949126,0.201276112878323,0.200762554651304,0.207721343947378,0.215311139204945,0.213174147284639,0.208543824495056,0.216413969978125
395121,"Bottom Tier","St. Louis, MO",0.545333333333333,0.536,0.542,0.538360655737705,0.507096774193548,0.495238095238095,0.494375,0.496292428198433,0.483141361256544,0.48,0.492631578947368,0.488062015503876,0.478781725888325,0.473416458852868,0.460588235294118,0.454038461538462,0.446603773584906,0.441111111111111,0.437454545454545,0.438098680643412,0.424721523535753,0.427576352920164,0.427734375,0.422594880847308,0.416988416988417,0.414587332053743,0.414816099930604
395121,"Middle Tier","St. Louis, MO",0.266548561816106,0.262620486137895,0.265592163443357,0.249968647639858,0.247204217313223,0.249281089771527,0.245581527473574,0.245568196381863,0.240768850725548,0.237194958234997,0.235467776433969,0.242047768534234,0.240395636421486,0.233186053441213,0.230832013197853,0.234557491511637,0.235823786752183,0.236180449071471,0.234841670013342,0.235208608132833,0.231565772971804,0.230860372226724,0.229479300061295,0.223819097199749,0.223680826448058,0.224334769563273,0.223804160706135
395121,"Upper Tier","St. Louis, MO",0.174555304740406,0.166241262683202,0.167567567567568,0.16751677852349,0.165333333333333,0.164238410596026,0.164631578947368,0.163061751992876,0.157803692069366,0.158066372530213,0.159540501731565,0.161250707295094,0.160139772869088,0.15686533578315,0.155704918032787,0.158893859292395,0.156997578692494,0.154745694833801,0.156820349761526,0.159946525150587,0.158870721106665,0.158270231855165,0.159495876240697,0.162174221518313,0.163607750739917,0.163400263207522,0.16562027464148
395148,"Bottom Tier","Tampa, FL",0.62962962962963,0.625321100917431,0.623272727272727,0.627132018209408,0.625896656534954,0.631963470319635,0.640975609756098,0.636396396396396,0.62698224852071,0.615743440233236,0.617241379310345,0.627692307692308,0.627796610169492,0.623865546218487,0.622,0.622027397260274,0.615567567567568,0.61312,0.623368421052632,0.634718007743016,0.624089868941128,0.644607589701168,0.661800986842105,0.665917220235054,0.663279821174558,0.662491160723305,0.661711530735235
395148,"Middle Tier","Tampa, FL",0.317000773356071,0.316924970248372,0.316246513197052,0.314056487801611,0.312433057733838,0.31167009544389,0.313107210853663,0.313111054671817,0.309546460337545,0.31025531865478,0.312176792023661,0.316895147570492,0.317921030406327,0.313197657488595,0.30866238011432,0.3082587121524,0.311793319126352,0.313072454829406,0.315764180819879,0.315570870024248,0.311806425382356,0.312491267664586,0.313016238992213,0.310941956333408,0.311573949923956,0.31140487366605,0.310549898953759
395148,"Upper Tier","Tampa, FL",0.210612244897959,0.206060606060606,0.20244,0.20066849588426,0.196635141861623,0.194288552272163,0.198017839444995,0.19918527607362,0.197763733592611,0.194519624367927,0.198091603053435,0.20226701446526,0.203338048090523,0.200459339114132,0.201081081081081,0.202996082046555,0.202790697674419,0.201073764944733,0.202178571428571,0.206715108995239,0.207074693262539,0.20754377764194,0.208771803373216,0.21130576124255,0.213091014408805,0.215428716571719,0.216140529531568
395194,"Bottom Tier","Virginia Beach, VA",0.605467625899281,0.609963898916968,0.626666666666667,0.635533980582524,0.635121951219512,0.631764705882353,0.637241379310345,0.631700844390832,0.617304964539007,0.605144843568945,0.599454545454545,0.613363949483352,0.619211136890951,0.622368112543963,0.631279620853081,0.62189376443418,0.602162162162162,0.587076923076923,0.580944206008584,0.584646626677702,0.573546625048771,0.56864844810577,0.567831276824034,0.560523355139797,0.550317331433211,0.544677205440182,0.548438882154441
395194,"Middle Tier","Virginia Beach, VA",0.287108422284612,0.286879853530734,0.287893182854478,0.288899747369278,0.291437778998629,0.290946073029155,0.29299940702501,0.292800608889769,0.289836702057004,0.289768123006672,0.290149921222176,0.293026136069181,0.293667338179907,0.29205236846648,0.288328475687635,0.287717889339981,0.286245594659997,0.28432482935469,0.283486227060731,0.281954281143076,0.2767402112732,0.277025438537958,0.275331981390212,0.270282060852242,0.267301136413607,0.266143706212298,0.264622312630495
395194,"Upper Tier","Virginia Beach, VA",0.20413769123783,0.199827705031013,0.198155737704918,0.20171174255392,0.199519560741249,0.197832817337461,0.202344827586207,0.202397260273973,0.198469387755102,0.195912162162162,0.198221476510067,0.200822492656316,0.200201511335013,0.199378412431751,0.200773109243697,0.199070539419087,0.196426229508197,0.194234817813765,0.195072,0.197147582059634,0.193253641386238,0.193014850239114,0.194131180625631,0.194670037926675,0.193362392295996,0.192829057658115,0.195519348268839
395209,"Bottom Tier","Washington, DC",0.541818181818182,0.528716417910448,0.523764705882353,0.538311111111111,0.542686567164179,0.548571428571428,0.558181818181818,0.556167664670659,0.551005917159763,0.544912280701754,0.543121387283237,0.550547550432277,0.549310344827586,0.546017191977077,0.545828571428571,0.554005763688761,0.558488372093023,0.564105571847507,0.57301775147929,0.575246744385756,0.565872254835466,0.565675823345462,0.565134985207101,0.565289825932096,0.560302483379406,0.555372576633465,0.553886806088803
395209,"Middle Tier","Washington, DC",0.265579052852726,0.266482100600532,0.266703697455117,0.267344574503763,0.269628507308888,0.269283885424283,0.270292680934589,0.267948176102092,0.264101654621823,0.267945318571016,0.269971981787941,0.273769882838661,0.274902930463015,0.272134808675806,0.269217701841286,0.269538997728969,0.271081215745972,0.271090240848518,0.271569598095271,0.27049046417539,0.267548590798589,0.2682317874893,0.266645482396908,0.264570568895362,0.263094132541887,0.260592076375751,0.260693639133777
395209,"Upper Tier","Washington, DC",0.1854,0.183911602209945,0.184879120879121,0.187104183757178,0.185781164942842,0.184145218098076,0.185631067961165,0.187059769498794,0.18463505594033,0.183065925337569,0.183347368421053,0.185639474843969,0.183780500046282,0.178637445685923,0.178625587397218,0.181391139375908,0.178195858409916,0.174387195677118,0.1761,0.180405913304936,0.179065796082371,0.178021646111251,0.180121089808274,0.182715549936789,0.181733400912316,0.180381000762002,0.183727087576375
753899,"Bottom Tier","Los Angeles-Long Beach-Anaheim, CA",1.0790450928382,1.05359683794466,1.0448167539267,1.06366492146597,1.04984293193717,1.03539267015707,1.04041884816754,1.03389391979301,1.03058823529412,1.03342604298357,1.041,1.03960396039604,1.03529411764706,1.01184466019417,1.00211538461538,1.04172661870504,1.06622009569378,1.07684964200477,1.10342857142857,1.11786424311275,1.11970638057595,1.13948919449902,1.15290178571429,1.16393897364771,1.17650303364589,1.19056758979984,1.21210468920393
753899,"Middle Tier","Los Angeles-Long Beach-Anaheim, CA",0.46049780226529,0.4586965250949,0.459926878017195,0.458863837533523,0.461645419013517,0.460800540627582,0.461991827835814,0.455726376803548,0.446246789417363,0.449671452685215,0.451420588914677,0.460877956090397,0.462407929161138,0.457272145997159,0.452220213568295,0.457932976366171,0.466396457496254,0.47197293246539,0.473348834141565,0.47059202886146,0.46473419925471,0.467969709295039,0.470528326836496,0.470581631835508,0.472100284455703,0.472262335891406,0.475075880567382
753899,"Upper Tier","Los Angeles-Long Beach-Anaheim, CA",0.276119174942704,0.272921561197423,0.269954887218045,0.268208955223881,0.265511111111111,0.263294117647059,0.264,0.266744101633394,0.262353790613718,0.25783842010772,0.2598,0.26364406779661,0.26354748603352,0.257651933701657,0.26,0.266757031514741,0.270665770006725,0.271551551551552,0.273933774834437,0.27941012974557,0.282436527286697,0.284996574560402,0.292860913786997,0.300439547559046,0.301205345005253,0.299067935884216,0.302261906367597
