Month,CBSACode,CBSATitle,Nielsen HH Rank,Hotness Rank ,Hotness Rank M/M,Hotness Rank Y/Y,Hotness Score,Supply Score,Demand Score,Median DOM,Median DOM M/M,Median DOM M/M Perc,Median DOM Y/Y,Median DOM Y/Y Perc,Median DOM (vs US),Views Per Property M/M,Views Per Property Y/Y,Views Per Property  (vs US),Median Listing Price,Median Listing Price M/M,Median Listing Price Y/Y,Median Listing Price  (vs US),Quality Flag
201812,11260,"Anchorage, AK",140,275,-3,-11,12.876254,19.06354515,6.688963211,100,11,0.1236,6,0.0638,20,0.125,0.3333,0.5902,299900,-0.0003,0.0523,1.0377,0
201812,13820,"Birmingham-Hoover, AL",49,168,-8,57,46.488294,39.7993311,53.17725753,86,8.5,0.1097,-12,-0.1224,6,-0.0496,0.5581,1.0984,219900,0,0.1078,0.7609,0
201812,20100,"Dover, DE",251,235,-6,17,25.752508,9.364548495,42.14046823,110,12,0.1224,3,0.028,30,-0.0164,0.3953,0.9836,259900,-0.0094,0.0834,0.8993,0
201812,17200,"Claremont-Lebanon, NH-VT",195,286,-3,4,9.197324,0.334448161,18.06020067,142,13.5,0.1051,-11,-0.0719,62,-0.0316,0.3143,0.7541,259000,0,0.0796,0.8962,0
201812,24540,"Greeley, CO",177,142,-2,-59,54.013378,88.9632107,19.06354515,61,10,0.1961,1,0.0167,-19,0.0108,-0.0962,0.7705,390000,-0.0001,0.01,1.3495,0
201812,19300,"Daphne-Fairhope-Foley, AL",208,277,2,-6,11.371237,14.3812709,8.361204013,103,4,0.0404,2,0.0198,23,-0.1084,0.1212,0.6066,329000,-0.001,0.0313,1.1384,0
201812,41700,"San Antonio-New Braunfels, TX",27,57,23,-12,75.083612,68.22742475,81.93979933,71,5,0.0758,0,0,-9,0.0169,0.1688,1.4754,284990,0.0008,0.0178,0.9861,0
201812,22220,"Fayetteville-Springdale-Rogers, AR-MO",105,158,-6,-14,48.662207,38.1270903,59.19732441,87,11.5,0.1523,5,0.061,7,0,0.1864,1.1475,272500,-0.0037,0.0501,0.9429,0
201812,45780,"Toledo, OH",85,76,-4,36,69.899666,68.22742475,71.57190635,71,9.5,0.1545,-4,-0.0533,-9,-0.0244,0.3115,1.3115,134900,-0.0037,0.0879,0.4668,0
201812,24340,"Grand Rapids-Wyoming, MI",53,65,-24,-32,73.076923,76.92307692,69.23076923,67,14.5,0.2762,1,0.0152,-13,-0.0429,0.0263,1.2787,279900,0.0043,0.12,0.9685,0
201812,11700,"Asheville, NC",106,187,-17,-14,38.963211,11.0367893,66.88963211,108,16,0.1739,12,0.125,28,-0.0446,0.1538,1.2295,374900,-0.0003,0.0742,1.2972,0
201812,25420,"Harrisburg-Carlisle, PA",91,98,3,38,63.377926,33.44481605,93.31103679,89,8.5,0.1056,-4,-0.043,9,-0.0329,0.3919,1.6885,217000,0.0111,0.1427,0.7509,0
201812,14020,"Bloomington, IN",244,193,12,24,36.622074,39.7993311,33.44481605,86,8.25,0.1061,-9,-0.0947,6,0.028,0.25,0.9016,269900,0,0.0996,0.9339,0
201812,25620,"Hattiesburg, MS",280,224,-7,-19,29.765886,31.43812709,28.09364548,90.5,9.5,0.1173,2.5,0.0284,10.5,0.0095,0.1522,0.8689,179950,-0.0297,0.0003,0.6227,0
201812,22420,"Flint, MI",121,59,8,20,74.247492,73.91304348,74.5819398,68,9,0.1525,-9,-0.1169,-12,0.0375,0.0641,1.3607,149900,-0.0625,-0.0295,0.5187,0
201812,29340,"Lake Charles, LA",213,284,3,-28,9.364548,16.05351171,2.675585284,102,5.5,0.057,12,0.1333,22,0.0164,0.1071,0.5082,234900,-0.0015,0.0125,0.8128,0
201812,29200,"Lafayette-West Lafayette, IN",210,29,-17,33,82.441472,76.92307692,87.95986622,67,14,0.2642,-6,-0.0822,-13,-0.0303,0.2468,1.5738,192500,0.0218,0.1,0.6661,0
201812,35980,"Norwich-New London, CT",172,218,-23,-14,31.103679,13.71237458,48.49498328,104,13,0.1429,10,0.1064,24,-0.0647,0.3,1.0656,269000,-0.0216,-0.0218,0.9308,0
201812,46700,"Vallejo-Fairfield, CA",131,11,3,-8,89.297659,93.64548495,84.94983278,58,12.5,0.2747,13,0.2889,-22,0.0629,-0.1308,1.5246,449000,-0.0022,0.0205,1.5536,0
201812,36540,"Omaha-Council Bluffs, NE-IA",57,39,-6,-2,79.431438,95.31772575,63.5451505,55,11.5,0.2644,-2,-0.0351,-25,-0.0331,0.1406,1.1967,279000,0.0355,0.0788,0.9654,0
201812,49340,"Worcester, MA-CT",58,41,-7,0,79.264214,64.88294314,93.64548495,72,11,0.1803,0,0,-8,-0.0283,0.2118,1.6885,299900,0,0.0749,1.0377,0
201812,41060,"St. Cloud, MN",223,179,-38,40,42.809365,42.47491639,43.14381271,85,21,0.3281,-15,-0.15,5,0,0.2708,1,225000,-0.002,0.0981,0.7785,0
201812,14010,"Bloomington, IL",224,221,-7,-12,29.93311,27.75919732,32.10702341,94,9,0.1059,3,0.033,14,-0.0357,0.1739,0.8852,149900,-0.036,-0.0625,0.5187,0
201812,16620,"Charleston, WV",190,184,32,79,40.301003,16.05351171,64.54849498,102,4.5,0.0462,2,0.02,22,0.1385,1,1.2131,140000,-0.0278,-0.0085,0.4844,0
201812,16300,"Cedar Rapids, IA",169,183,-3,-23,40.301003,62.87625418,17.72575251,73,9.5,0.1496,4,0.058,-7,0.011,0.15,0.7541,207000,0.0337,0.0952,0.7163,0
201812,20740,"Eau Claire, WI",242,182,-35,21,40.468227,33.44481605,47.4916388,89,21,0.3088,-13.5,-0.1317,9,-0.0226,0.1207,1.0656,227825,0.013,0.1065,0.7883,0
201812,19820,"Detroit-Warren-Dearborn, MI",12,13,-4,4,88.12709,91.63879599,84.61538462,59,11.5,0.2421,-2,-0.0328,-21,-0.0265,-0.0213,1.5082,220000,-0.0276,0.0633,0.7612,0
201812,24580,"Green Bay, WI",157,159,-2,42,48.662207,43.14381271,54.18060201,84,15.5,0.2263,-10,-0.1064,4,0.0625,0.3333,1.1148,215000,-0.009,0.0243,0.7439,0
201812,22520,"Florence-Muscle Shoals, AL",263,283,-8,-13,10.033445,19.06354515,1.003344482,100,11.5,0.1299,6,0.0638,20,-0.0794,0.2083,0.4754,179000,-0.0051,0.0655,0.6194,0
201812,34980,"Nashville-Davidson--Murfreesboro--Franklin, TN",35,16,8,9,87.458194,97.65886288,77.25752508,52,6.5,0.1429,6,0.1304,-28,0.0241,0.1972,1.3934,349900,0,-0.0213,1.2107,0
201812,25540,"Hartford-West Hartford-East Hartford, CT",48,115,-3,-7,60.702341,39.7993311,81.60535117,86,10.5,0.1391,4,0.0488,6,0.0056,0.2192,1.459,259900,-0.0266,0,0.8993,0
201812,39820,"Redding, CA",227,177,-1,-44,43.478261,53.17725753,33.77926421,76,7.5,0.1095,0,0,-4,0.0092,-0.0179,0.9016,329000,-0.0134,0.0284,1.1384,0
201812,29540,"Lancaster, PA",103,74,-25,36,70.735786,53.17725753,88.29431438,76,10.5,0.1603,-7,-0.0843,-4,-0.0857,0.28,1.5738,272990,0.0207,0.0785,0.9446,0
201812,40340,"Rochester, MN",202,96,4,4,63.545151,49.49832776,77.59197324,79,8.5,0.1206,-3,-0.0366,-1,0.0118,0.1169,1.4098,275000,0.0004,-0.0143,0.9516,0
201812,31420,"Macon, GA",199,263,5,-50,17.725753,20.73578595,14.71571906,99.5,6,0.0642,16.5,0.1988,19.5,0.0244,0.1053,0.6885,159000,-0.0302,0.0817,0.5502,0
201812,49740,"Yuma, AZ",245,163,6,7,48.160535,60.2006689,36.12040134,74,4.5,0.0647,6,0.0882,-6,-0.0345,0.5135,0.918,223950,0.018,0.1226,0.7749,0
201812,32780,"Medford, OR",200,186,10,-38,39.130435,39.7993311,38.46153846,86,10,0.1316,3,0.0361,6,0.0179,-0.05,0.9344,399900,-0.0003,0.0023,1.3837,0
201812,12220,"Auburn-Opelika, AL",258,274,12,-29,13.545151,16.05351171,11.0367893,102,-1,-0.0097,6.5,0.0681,22,0.0127,0.0526,0.6557,281200,0.007,0.0611,0.973,0
201812,42020,"San Luis Obispo-Paso Robles-Arroyo Grande, CA",173,90,5,-22,66.38796,62.87625418,69.89966555,73,5.5,0.0815,-4,-0.0519,-7,-0.0651,-0.0247,1.2951,683000,-0.0229,-0.0514,2.3633,0
201812,17300,"Clarksville, TN-KY",174,189,-5,-35,38.795987,57.19063545,20.40133779,75,9.75,0.1494,10,0.1538,-5,0,0.2973,0.7869,215000,0.0001,0.0914,0.7439,0
201812,45500,"Texarkana, TX-AR",285,242,-2,16,24.247492,25.4180602,23.07692308,95,10.5,0.1243,-9.5,-0.0909,15,0,0.2195,0.8197,155000,-0.0309,0.1486,0.5363,0
201812,22020,"Fargo, ND-MN",184,230,1,7,27.257525,38.1270903,16.38795987,87,10.5,0.1373,-6,-0.0645,7,0.0353,0.1579,0.7213,249900,0,-0.0078,0.8647,0
201812,46220,"Tuscaloosa, AL",191,244,-10,13,24.080268,29.43143813,18.72909699,93,13.75,0.1735,-7,-0.07,13,0.0108,0.2051,0.7705,209900,-0.0077,0.1053,0.7263,0
201812,33460,"Minneapolis-St. Paul-Bloomington, MN-WI",15,69,2,-23,72.408027,82.60869565,62.20735786,65,13.5,0.2621,-2,-0.0299,-15,0.0511,0.0435,1.1803,339900,0.018,0.0303,1.1761,0
201812,12060,"Atlanta-Sandy Springs-Roswell, GA",9,92,29,-3,65.886288,88.9632107,42.80936455,61,6,0.1091,-4,-0.0615,-19,0.0714,0.1111,0.9836,311427,-0.0113,0.0384,1.0776,0
201812,46340,"Tyler, TX",205,58,5,43,75.083612,53.17725753,96.98996656,76,4.25,0.0592,-10.5,-0.1214,-4,-0.0342,0.3951,1.8525,278900,0.0315,0.0142,0.9651,0
201812,12700,"Barnstable Town, MA",189,228,-16,20,27.926421,25.4180602,30.43478261,95,14,0.1728,-8,-0.0777,15,-0.0093,0.2619,0.8689,525000,0,-0.0455,1.8166,0
201812,46540,"Utica-Rome, NY",162,249,-29,-2,23.244147,21.40468227,25.08361204,99,9,0.1,3,0.0313,19,-0.113,0.3421,0.8361,129500,-0.0377,0.0039,0.4481,0
201812,30780,"Little Rock-North Little Rock-Conway, AR",72,178,1,7,42.976589,50.8361204,35.11705686,78,8.5,0.1223,-2,-0.025,-2,0.0185,0.2791,0.9016,179900,-0.0181,0.0582,0.6225,0
201812,15180,"Brownsville-Harlingen, TX",158,297,-4,0,5.183946,0,10.36789298,149,10.75,0.0778,13.5,0.0996,69,-0.037,0.3448,0.6393,205500,-0.0167,0.0275,0.7111,0
201812,38860,"Portland-South Portland, ME",97,105,0,29,61.87291,27.75919732,95.98662207,94,12.5,0.1534,-6,-0.06,14,-0.0485,0.2414,1.7705,345000,-0.0267,0.015,1.1938,0
201812,15500,"Burlington, NC",262,77,15,139,69.732441,53.17725753,86.28762542,76,3.5,0.0483,-30,-0.283,-4,0.0106,0.8627,1.5574,245000,0.0169,0.1562,0.8478,0
201812,42340,"Savannah, GA",141,204,18,34,34.448161,38.1270903,30.76923077,87,6.25,0.0774,-9,-0.0938,7,0.0291,0.2927,0.8689,259900,0,0.0396,0.8993,0
201812,21060,"Elizabethtown-Fort Knox, KY",283,211,-17,-24,33.61204,43.81270903,23.41137124,83,12.25,0.1731,4,0.0506,3,-0.0291,0.1628,0.8197,198900,-0.0055,0.1707,0.6882,0
201812,44700,"Stockton-Lodi, CA",95,10,8,-5,89.632107,96.65551839,82.60869565,54,8,0.1739,6,0.125,-26,0.0581,-0.0808,1.4918,399000,0.0067,0.0364,1.3806,0
201812,28020,"Kalamazoo-Portage, MI",149,111,-12,36,61.036789,57.19063545,64.88294314,75,10.5,0.1628,-7,-0.0854,-5,0.0068,0.2542,1.2131,235900,-0.0117,0.0872,0.8163,0
201812,46520,"Urban Honolulu, HI",65,197,12,-25,35.618729,64.88294314,6.35451505,72,6,0.0909,4,0.0588,-8,0,-0.0278,0.5738,699000,0.0011,0,2.4187,0
201812,28420,"Kennewick-Richland, WA",185,35,19,1,80.267559,82.60869565,77.9264214,65,12,0.2264,6,0.1017,-15,0.1467,0.2464,1.4098,330000,0.0003,0.0002,1.1419,0
201812,47380,"Waco, TX",186,61,-3,-40,73.913043,49.49832776,98.3277592,79,8,0.1127,12,0.1791,-1,0.0656,0.0156,2.1311,199900,0.0023,0.0096,0.6917,0
201812,33660,"Mobile, AL",123,239,3,11,24.749164,29.43143813,20.06688963,93,6,0.069,-2,-0.0211,13,-0.0303,0.3333,0.7869,169000,-0.0053,0.0249,0.5848,0
201812,10420,"Akron, OH",74,19,12,50,86.956522,81.60535117,92.30769231,66,7,0.1186,-4,-0.0571,-14,0.0101,0.4925,1.6393,149900,-0.0452,0.0458,0.5187,0
201812,34940,"Naples-Immokalee-Marco Island, FL",137,282,14,17,10.033445,18.39464883,1.672240803,101,-4.5,-0.0427,-20,-0.1653,21,-0.0476,0.2,0.4918,459900,0.002,-0.0318,1.5913,0
201812,20260,"Duluth, MN-WI",163,210,-8,23,33.61204,6.35451505,60.86956522,116,19.5,0.2021,-2,-0.0169,36,0.0143,0.3922,1.1639,179900,-0.0276,0.0903,0.6225,0
201812,44220,"Springfield, OH",297,116,-32,16,60.535117,53.17725753,67.89297659,76,15.5,0.2562,-1,-0.013,-4,0.027,0.3103,1.2459,109500,-0.0197,-0.0045,0.3789,0
201812,26900,"Indianapolis-Carmel-Anderson, IN",32,81,-28,-4,68.729097,64.88294314,72.57525084,72,13.5,0.2308,1,0.0141,-8,-0.0241,0.2273,1.3279,235000,-0.0124,0.1196,0.8131,0
201812,45540,"The Villages, FL",288,132,-6,-41,57.35786,57.19063545,57.52508361,75,5,0.0714,6.5,0.0949,-5,-0.0541,0.2281,1.1475,269900,0.0416,0.0421,0.9339,0
201812,36860,"Ottawa-Peru, IL",268,260,-17,17,18.561873,16.05351171,21.07023411,102,14,0.1591,-11,-0.0973,22,-0.02,0.2895,0.8033,119900,-0.0315,0.0033,0.4149,0
201812,48660,"Wichita Falls, TX",286,192,11,30,36.956522,53.17725753,20.73578595,76,8.5,0.1259,-13,-0.1461,-4,0.0769,0.225,0.8033,135000,-0.0173,0.2054,0.4671,0
201812,40380,"Rochester, NY",50,26,-6,-3,84.448161,72.57525084,96.32107023,69,10,0.1695,3,0.0455,-11,-0.0393,0.236,1.8033,179900,0.0286,0.0903,0.6225,0
201812,12260,"Augusta-Richmond County, GA-SC",93,267,-7,9,15.886288,19.06354515,12.7090301,100,10.5,0.1173,0,0,20,-0.012,0.4643,0.6721,214005,-0.0046,0.0005,0.7405,0
201812,40580,"Rocky Mount, NC",274,285,9,9,9.364548,5.016722408,13.71237458,117,-0.5,-0.0043,-4,-0.0331,37,0.0909,0.4,0.6885,139500,0.0115,0.0509,0.4827,0
201812,15540,"Burlington-South Burlington, VT",201,261,-12,-6,18.227425,4.013377926,32.44147157,118,14.5,0.1401,-3,-0.0248,38,-0.0609,0.1489,0.8852,309000,-0.0039,0.0334,1.0692,0
201812,42200,"Santa Maria-Santa Barbara, CA",136,162,-13,-40,48.160535,42.47491639,53.84615385,85,12,0.1644,-0.5,-0.0058,5,-0.0286,-0.0556,1.1148,915000,0.0178,0.0178,3.1661,0
201812,22660,"Fort Collins, CO",147,117,2,-27,60.367893,72.57525084,48.16053512,69,9.5,0.1597,-4,-0.0548,-11,0.0078,-0.0299,1.0656,425000,-0.0134,0.0103,1.4706,0
201812,10500,"Albany, GA",279,299,1,-4,1.337793,2.006688963,0.668896321,123,0,0,15,0.1389,43,0.12,0.3333,0.459,119000,-0.0476,-0.0238,0.4118,0
201812,28940,"Knoxville, TN",59,87,2,41,67.892977,44.81605351,90.96989967,82,7,0.0933,-1,-0.012,2,-0.0198,0.4559,1.623,259900,0,0.04,0.8993,0
201812,15940,"Canton-Massillon, OH",120,27,-6,46,83.61204,93.64548495,73.57859532,58,11,0.234,-6,-0.0938,-22,-0.0465,0.4386,1.3443,139900,-0.0305,0.0762,0.4841,0
201812,42100,"Santa Cruz-Watsonville, CA",182,80,-15,-50,69.063545,64.88294314,73.24414716,72,14,0.2414,3,0.0435,-8,0.0446,-0.1717,1.3443,896500,-0.0281,-0.0038,3.1021,0
201812,17820,"Colorado Springs, CO",77,8,-2,-4,93.311037,91.63879599,94.98327759,59,9.5,0.1919,4,0.0727,-21,0.0291,-0.1017,1.7377,369900,0.0079,-0.0263,1.2799,0
201812,45820,"Topeka, KS",192,88,-7,-14,67.892977,73.91304348,61.8729097,68,8,0.1333,3,0.0462,-12,-0.071,0.2203,1.1803,124900,0.023,0.1365,0.4322,0
201812,26380,"Houma-Thibodaux, LA",218,298,1,2,2.006689,4.013377926,0,118,7.25,0.0655,0,0,38,0.0952,0.0952,0.377,184787.5,0.0043,0.0806,0.6394,0
201812,20020,"Dothan, AL",269,294,3,4,6.020067,6.688963211,5.351170569,114.5,8.5,0.0802,1.5,0.0133,34.5,0.0794,0.619,0.5574,165700,0.0135,0.0781,0.5734,0
201812,36100,"Ocala, FL",144,125,8,6,58.026756,72.24080268,43.81270903,69.5,5,0.0775,-2.5,-0.0347,-10.5,-0.0615,0.22,1,199900,-0.0001,0.0527,0.6917,0
201812,29180,"Lafayette, LA",107,295,0,-22,5.852843,7.357859532,4.347826087,112,6.5,0.0616,12,0.12,32,0,0.1379,0.541,206000,-0.0048,-0.0096,0.7128,0
201812,36780,"Oshkosh-Neenah, WI",235,175,-8,13,43.812709,45.81939799,41.80602007,81,16,0.2462,3,0.0385,1,0.1215,0.4286,0.9836,169900,-0.0178,0.0625,0.5879,0
201812,31180,"Lubbock, TX",164,67,12,-15,72.742475,88.9632107,56.52173913,61,10,0.1961,3,0.0517,-19,0.0455,0.1695,1.1311,215000,-0.0137,-0.044,0.7439,0
201812,37980,"Philadelphia-Camden-Wilmington, PA-NJ-DE-MD",6,62,-11,32,73.578595,53.17725753,93.97993311,76,10,0.1515,-5,-0.0617,-4,-0.019,0.3377,1.6885,250000,-0.0529,0.0504,0.8651,0
201812,44180,"Springfield, MO",110,119,-3,39,59.197324,68.22742475,50.16722408,71,6.5,0.1008,-8,-0.1013,-9,-0.0504,0.2941,1.082,184900,-0.0005,0.0566,0.6398,0
201812,49660,"Youngstown-Warren-Boardman, OH-PA",94,166,-21,48,47.491639,36.12040134,58.86287625,88.5,13.5,0.18,-7.5,-0.0781,8.5,-0.0411,0.4894,1.1475,119000,-0.0058,0.1121,0.4118,0
201812,49420,"Yakima, WA",209,54,-19,31,75.919732,80.93645485,70.90301003,66.5,13.75,0.2607,-7.5,-0.1014,-13.5,-0.0533,0.1111,1.3115,275000,0.0348,0.1707,0.9516,0
201812,12100,"Atlantic City-Hammonton, NJ",176,238,-25,34,24.916388,22.40802676,27.42474916,97,7.5,0.0838,-13,-0.1182,17,-0.1034,0.3684,0.8525,239900,-0.0085,0.0476,0.8301,0
201812,10780,"Alexandria, LA",277,281,0,-41,10.869565,11.0367893,10.70234114,108,13,0.1368,18,0.2,28,0.0667,0.1111,0.6557,174000,-0.0057,-0.0373,0.6021,0
201812,16980,"Chicago-Naperville-Elgin, IL-IN-WI",3,139,-10,-13,54.180602,72.57525084,35.78595318,69,11,0.1897,-3,-0.0417,-11,-0.0179,0.0784,0.9016,279000,-0.0209,0.0337,0.9654,0
201812,17860,"Columbia, MO",237,232,-6,-30,26.421405,31.43812709,21.40468227,90.5,13.5,0.1753,12.5,0.1603,10.5,0.0426,0.2564,0.8033,239450,0.0148,0.0415,0.8285,0
201812,23580,"Gainesville, GA",246,252,6,-99,23.076923,36.4548495,9.698996656,88,5,0.0602,19,0.2754,8,0.013,-0.0714,0.6393,325000,-0.0119,0.036,1.1246,0
201812,18140,"Columbus, OH",31,4,-1,5,94.481605,91.63879599,97.32441472,59,8.75,0.1741,-1,-0.0167,-21,0,-0.0569,1.9016,229900,-0.0402,0.0455,0.7955,0
201812,27740,"Johnson City, TN",204,103,-9,4,62.541806,29.43143813,95.65217391,93,14.5,0.1847,7,0.0814,13,-0.0526,0.3671,1.7705,194950,-0.049,-0.0233,0.6746,0
201812,21140,"Elkhart-Goshen, IN",228,70,-8,14,72.408027,80.93645485,63.87959866,66.5,9.5,0.1667,-4.5,-0.0634,-13.5,-0.0513,0.1746,1.2131,189200,0.012,0.1847,0.6547,0
201812,27900,"Joplin, MO",241,171,1,-12,45.48495,62.20735786,28.76254181,73.5,1,0.0138,-3.5,-0.0455,-6.5,-0.0862,0.06,0.8689,149900,-0.0051,0.0715,0.5187,0
201812,24300,"Grand Junction, CO",275,121,-4,-35,58.528428,64.88294314,52.17391304,72,10.75,0.1755,2,0.0286,-8,0,0.0984,1.0984,319900,0.0091,0.1466,1.1069,0
201812,29820,"Las Vegas-Henderson-Paradise, NV",33,46,-3,-15,77.424749,95.31772575,59.53177258,55,10.75,0.2429,-3,-0.0517,-25,-0.021,-0.0278,1.1475,319900,-0.0003,0.1069,1.1069,0
201812,24660,"Greensboro-High Point, NC",69,66,9,103,72.909699,57.19063545,88.62876254,75,8,0.1194,-13,-0.1477,-5,0.0323,0.6552,1.5738,219900,0.0023,0.1459,0.7609,0
201812,33700,"Modesto, CA",116,17,6,-7,87.458194,94.64882943,80.26755853,56,10.5,0.2308,5,0.098,-24,0.0539,0.0233,1.4426,344700,0.0138,-0.0008,1.1927,0
201812,37900,"Peoria, IL",130,214,10,14,31.772575,33.44481605,30.10033445,89,6.5,0.0788,-5.5,-0.0582,9,0.0192,0.2927,0.8689,129900,0,-0.0553,0.4495,0
201812,38060,"Phoenix-Mesa-Scottsdale, AZ",13,42,10,-2,78.595318,97.32441472,59.86622074,53,8.5,0.191,-4,-0.0702,-27,0.0145,0.129,1.1475,329900,-0.0001,0.0309,1.1415,0
201812,44300,"State College, PA",270,146,31,11,52.006689,36.4548495,67.55852843,88,0.25,0.0028,6,0.0732,8,0.0556,0.3571,1.2459,239500,-0.0493,0.0647,0.8287,0
201812,42660,"Seattle-Tacoma-Bellevue, WA",14,154,-1,-97,49.16388,88.9632107,9.364548495,61,15,0.3261,10,0.1961,-19,0.0857,-0.3091,0.623,549995,0,0.1111,1.9031,0
201812,45900,"Traverse City, MI",261,272,-6,-3,14.715719,4.013377926,25.4180602,118,15.5,0.1512,-5,-0.0407,38,0.02,0.186,0.8361,319000,0.0166,-0.0339,1.1038,0
201812,46060,"Tucson, AZ",51,79,6,48,69.063545,91.63879599,46.48829431,59,6.5,0.1238,-5,-0.0781,-21,-0.0303,0.4884,1.0492,279000,-0.0009,0.0735,0.9654,0
201812,15980,"Cape Coral-Fort Myers, FL",73,217,29,-23,31.103679,53.17725753,9.030100334,76,-2.5,-0.0318,3,0.0411,-4,-0.0513,0.1563,0.6066,299000,-0.0022,-0.0352,1.0346,0
201812,47300,"Visalia-Porterville, CA",146,33,-18,-5,81.270903,70.90301003,91.63879599,70,12.5,0.2174,5,0.0769,-10,-0.0698,0.2048,1.6393,264900,-0.0003,0.0814,0.9166,0
201812,27100,"Jackson, MI",264,68,-7,38,72.742475,76.92307692,68.56187291,67,10,0.1754,-8,-0.1067,-13,-0.0256,0.2063,1.2459,149000,-0.0063,-0.006,0.5156,0
201812,17140,"Cincinnati, OH-KY-IN",28,40,6,35,79.264214,85.6187291,72.909699,63,9.5,0.1776,-6,-0.087,-17,-0.0061,0.2857,1.3279,233500,-0.0253,0.086,0.808,0
201812,38900,"Portland-Vancouver-Hillsboro, OR-WA",23,151,-7,-79,50,73.91304348,26.08695652,68,11.5,0.2035,6,0.0968,-12,0,-0.0893,0.8361,453000,-0.0044,0.0067,1.5675,0
201812,17460,"Cleveland-Elyria, OH",26,45,-3,50,77.759197,62.87625418,92.64214047,73,8.5,0.1318,-6,-0.0759,-7,-0.0291,0.3514,1.6393,170000,-0.0286,0.0658,0.5882,0
201812,40220,"Roanoke, VA",151,213,5,-6,32.77592,36.4548495,29.09698997,88,7.5,0.0932,-6,-0.0638,8,0.0192,0.0816,0.8689,219950,-0.007,-0.0406,0.7611,0
201812,17900,"Columbia, SC",67,190,16,6,38.628763,39.7993311,37.45819398,86,6.5,0.0818,7,0.0886,6,0.0275,0.4,0.918,231925,0.0163,0.1655,0.8025,0
201812,41860,"San Francisco-Oakland-Hayward, CA",11,6,2,-4,94.147157,99.33110368,88.9632107,51,13,0.3421,6,0.1333,-29,0.1034,-0.2381,1.5738,855000,-0.0431,-0.0372,2.9585,0
201812,21340,"El Paso, TX",75,233,15,26,26.254181,43.81270903,8.695652174,83,5.5,0.071,-6,-0.0674,3,0,0.5417,0.6066,175750,0.0043,0.0493,0.6081,0
201812,46140,"Tulsa, OK",54,145,33,-22,52.508361,73.91304348,31.10367893,68,2.5,0.0382,2,0.0303,-12,0.0495,0.1522,0.8689,210000,-0.0233,0.0633,0.7266,0
201812,25060,"Gulfport-Biloxi-Pascagoula, MS",133,241,6,-5,24.247492,19.06354515,29.43143813,100,5,0.0526,4,0.0417,20,0.0095,0.2619,0.8689,189900,-0.0175,0.0609,0.6571,0
201812,47940,"Waterloo-Cedar Falls, IA",238,196,-15,-21,35.953177,52.17391304,19.73244147,77,8.5,0.1241,1,0.0132,-3,-0.1028,0.0667,0.7869,139900,-0.0096,0.0527,0.4841,0
201812,27980,"Kahului-Wailuku-Lahaina, HI",276,143,22,-18,53.846154,22.40802676,85.28428094,97,-18.75,-0.162,2,0.0211,17,-0.07,0.1205,1.5246,899900,0.018,0.0908,3.1138,0
201812,10580,"Albany-Schenectady-Troy, NY",55,258,-3,-14,19.565217,27.75919732,11.37123746,94,9,0.1059,-2,-0.0208,14,-0.0588,0.0256,0.6557,285900,-0.008,0.0603,0.9893,0
201812,39060,"Pottsville, PA",278,194,-12,59,36.622074,24.08026756,49.1638796,96,13.75,0.1672,-11,-0.1028,16,-0.0294,0.5349,1.082,74900,-0.0138,0.0715,0.2592,0
201812,11540,"Appleton, WI",194,82,8,33,68.729097,76.92307692,60.53511706,67,15.25,0.2947,-5,-0.0694,-13,0.1008,0.2679,1.1639,210000,0.0002,0.1419,0.7266,0
201812,39300,"Providence-Warwick, RI-MA",39,50,-2,42,76.254181,76.92307692,75.58528428,67,10.5,0.1858,-7,-0.0946,-13,0.0061,0.2388,1.3607,339000,-0.0101,0.0431,1.173,0
201812,12020,"Athens-Clarke County, GA",221,227,9,-45,28.595318,25.4180602,31.77257525,95,11.5,0.1377,13,0.1585,15,0.08,0.1489,0.8852,276848,0.0142,0.0257,0.958,0
201812,41540,"Salisbury, MD-DE",126,290,-12,3,7.859532,2.675585284,13.04347826,121,11.75,0.1076,-3,-0.0242,41,-0.1183,0.2813,0.6721,310450,-0.0222,0.0383,1.0742,0
201812,13980,"Blacksburg-Christiansburg-Radford, VA",230,188,-3,11,38.963211,1.672240803,76.2541806,123.5,10.5,0.0929,8.5,0.0739,43.5,-0.0345,0.3125,1.377,234325,0.0038,-0.0027,0.8108,0
201812,42140,"Santa Fe, NM",248,216,-6,18,31.605351,5.016722408,58.19397993,117,14.5,0.1415,-18,-0.1333,37,0.0072,0.2963,1.1475,580000,0.0044,0.0175,2.0069,0
201812,14460,"Boston-Cambridge-Newton, MA-NH",10,9,-4,7,90.635452,82.60869565,98.66220736,65,13,0.25,1,0.0156,-15,0.0268,0.2523,2.1967,499900,-0.0014,0.0204,1.7298,0
201812,32580,"McAllen-Edinburg-Mission, TX",90,265,2,23,16.555184,29.43143813,3.678929766,93,5.5,0.0629,-18,-0.1622,13,-0.0588,0.1852,0.5246,189900,0,0,0.6571,0
201812,24780,"Greenville, NC",231,271,-2,8,14.715719,10.03344482,19.39799331,109,9.25,0.0927,6,0.0583,29,0.0105,0.6,0.7869,195900,-0.0003,0.0365,0.6779,0
201812,32820,"Memphis, TN-MS-AR",43,38,26,40,79.431438,68.22742475,90.63545151,71,5.5,0.084,-4,-0.0533,-9,0.0316,0.3067,1.6066,205000,-0.0284,0.0864,0.7093,0
201812,31080,"Los Angeles-Long Beach-Anaheim, CA",2,64,2,-49,73.076923,94.64882943,51.50501672,56,10,0.2174,5,0.098,-24,-0.0075,-0.175,1.082,710000,-0.0207,0.0144,2.4567,0
201812,33100,"Miami-Fort Lauderdale-West Palm Beach, FL",8,248,6,-6,23.411371,33.44481605,13.37792642,89,2.5,0.0289,-4,-0.043,9,-0.0465,0.1389,0.6721,384900,-0.0003,-0.0003,1.3318,0
201812,31340,"Lynchburg, VA",175,300,-2,-54,1.003344,0.668896321,1.337792642,135,13,0.1066,35,0.35,55,-0.0476,-0.2683,0.4918,149992.5,-0.032,-0.3179,0.519,0
201812,39580,"Raleigh, NC",46,97,0,-27,63.377926,50.8361204,75.91973244,78,10.5,0.1556,5,0.0685,-2,-0.0119,0.137,1.3607,339900,0,0.014,1.1761,0
201812,37100,"Oxnard-Thousand Oaks-Ventura, CA",76,44,6,-25,78.26087,82.60869565,73.91304348,65,11.5,0.215,7,0.1207,-15,0.038,-0.0238,1.3443,679000,-0.0015,-0.0293,2.3495,0
201812,11100,"Amarillo, TX",181,136,-9,-23,56.354515,64.88294314,47.82608696,72,11,0.1803,0,0,-8,0.0078,0.1607,1.0656,229900,-0.0066,0.0948,0.7955,0
201812,12580,"Baltimore-Columbia-Towson, MD",21,161,-10,-15,48.160535,64.88294314,31.43812709,72,11,0.1803,0,0,-8,-0.0275,0.1277,0.8689,298000,-0.023,0.0456,1.0311,0
201812,16540,"Chambersburg-Waynesboro, PA",271,157,14,66,48.829431,33.44481605,64.21404682,89,9.5,0.1195,-13.5,-0.1317,9,0.0882,0.5417,1.2131,199900,-0.0002,-0.0244,0.6917,0
201812,16700,"Charleston-North Charleston, SC",71,226,13,-34,28.595318,39.7993311,17.39130435,86,5.5,0.0683,3,0.0361,6,-0.011,0,0.7377,364775,-0.0028,0.0077,1.2622,0
201812,18580,"Corpus Christi, TX",118,231,-1,37,26.421405,16.05351171,36.78929766,102,10.5,0.1148,-16,-0.1356,22,0.009,0.3333,0.918,239500,0.0059,0.0239,0.8287,0
201812,22500,"Florence, SC",212,254,10,-13,22.240803,16.05351171,28.42809365,102,-2.5,-0.0239,-1,-0.0097,22,0.0392,0.2045,0.8689,162808,-0.0192,-0.0127,0.5633,0
201812,25180,"Hagerstown-Martinsburg, MD-WV",183,202,-5,-2,34.949833,33.44481605,36.4548495,89,8.25,0.1022,3,0.0349,9,-0.082,0.2174,0.918,226000,-0.0131,0.1306,0.782,0
201812,28140,"Kansas City, MO-KS",30,91,-36,-56,66.220736,53.17725753,79.26421405,76,15,0.2459,5,0.0704,-4,-0.0169,0.0235,1.4262,279000,0.0148,0.1162,0.9654,0
201812,27340,"Jacksonville, NC",239,287,1,0,8.862876,3.344481605,14.3812709,120,6,0.0526,11,0.1009,40,0.012,0.5556,0.6885,196900,0.0097,0.0643,0.6813,0
201812,32900,"Merced, CA",216,108,5,-50,61.705686,85.6187291,37.79264214,63,11.5,0.2233,10,0.1887,-17,0.0364,0.0179,0.9344,299999.5,0.0003,-0.0164,1.0381,0
201812,29460,"Lakeland-Winter Haven, FL",88,72,21,27,71.73913,73.91304348,69.56521739,68,2.5,0.0382,-5,-0.0685,-12,-0.037,0.2581,1.2787,224900,0,0.0223,0.7782,0
201812,1,United States,0,,,,,,,80,9,0.1268,-3,-0.0361,,-0.0161,0.1731,,289000,-0.0137,0.0708,,0
201812,29740,"Las Cruces, NM",217,266,-4,-4,16.555184,21.40468227,11.70568562,99,9.25,0.1031,2,0.0206,19,0,0.1714,0.6721,202950,-0.01,-0.0336,0.7022,0
201812,12620,"Bangor, ME",257,256,-11,24,20.401338,2.675585284,38.1270903,121,20,0.198,-7,-0.0547,41,0.0088,0.425,0.9344,157000,-0.0181,0.0474,0.5433,0
201812,31700,"Manchester-Nashua, NH",124,34,-4,14,80.434783,62.87625418,97.99331104,73,12,0.1967,-3,-0.0395,-7,0.0558,0.2424,2.0164,325000,0.0002,0.0484,1.1246,0
201812,12980,"Battle Creek, MI",298,130,-12,-21,57.525084,68.22742475,46.82274247,71,10,0.1639,2,0.029,-9,-0.0299,0.2264,1.0656,135450,0.032,0.2314,0.4687,0
201812,33860,"Montgomery, AL",145,276,6,15,11.538462,19.06354515,4.013377926,100,6,0.0638,-8,-0.0741,20,0.0313,0.4348,0.541,184900,-0.0024,0.1206,0.6398,0
201812,16740,"Charlotte-Concord-Gastonia, NC-SC",24,32,13,29,81.438127,72.57525084,90.30100334,69,7,0.1129,-6,-0.08,-11,0.0104,0.2125,1.5902,323268,-0.0068,-0.0053,1.1186,0
201812,45300,"Tampa-St. Petersburg-Clearwater, FL",17,28,10,-2,83.277592,86.95652174,79.59866221,62,4,0.069,-1,-0.0159,-18,-0.0492,0.1013,1.4262,259900,-0.0054,-0.0004,0.8993,0
201812,19740,"Denver-Aurora-Lakewood, CO",20,85,2,-72,68.394649,91.63879599,45.15050167,59,12,0.2553,-3,-0.0484,-21,0.0248,-0.4414,1.0164,449950,-0.0001,-0.1584,1.5569,0
201812,13740,"Billings, MT",233,199,-13,-79,35.284281,20.73578595,49.83277592,99.5,18,0.2209,18.5,0.2284,19.5,0.0154,-0.0435,1.082,271000,0.002,-0.0128,0.9377,0
201812,29420,"Lake Havasu City-Kingman, AZ",207,176,-3,14,43.478261,60.2006689,26.75585284,74,9,0.1385,-7,-0.0864,-6,0.0297,0.2093,0.8525,284000,-0.0159,0.136,0.9827,0
201812,26980,"Iowa City, IA",240,245,-26,-56,24.080268,32.10702341,16.05351171,90,13,0.1688,1,0.0112,10,-0.1111,-0.1373,0.7213,274900,0.0053,-0.0681,0.9512,0
201812,41740,"San Diego-Carlsbad, CA",18,37,7,-31,79.598662,97.65886288,61.53846154,52,10,0.2381,3,0.0612,-28,0.0143,-0.2198,1.1639,649900,-0.0107,-0.0002,2.2488,0
201812,36740,"Orlando-Kissimmee-Sanford, FL",25,43,4,12,78.428094,70.90301003,85.95317726,70,7.5,0.12,-4,-0.0541,-10,-0.0157,0.175,1.541,299900,0,0.0135,1.0377,0
201812,44060,"Spokane-Spokane Valley, WA",98,21,1,18,86.789298,81.60535117,91.97324415,66,12,0.2222,-4,-0.0571,-14,0.0471,0.25,1.6393,299000,0.0355,0.1544,1.0346,0
201812,39140,"Prescott, AZ",188,140,-4,-16,54.180602,33.44481605,74.91638796,89,10.25,0.1302,0,0,9,-0.0178,0.0779,1.3607,399000,0,-0.0023,1.3806,0
201812,47900,"Washington-Arlington-Alexandria, DC-VA-MD-WV",7,86,-4,-5,67.892977,84.61538462,51.17056856,64,12,0.2308,-1,-0.0154,-16,0.0076,0.1786,1.082,419976.5,-0.0233,0.012,1.4532,0
201812,47260,"Virginia Beach-Norfolk-Newport News, VA-NC",37,219,-4,2,30.100334,57.19063545,3.010033445,75,9,0.1364,-4,-0.0506,-5,0,0.2917,0.5082,279000,0,0.0372,0.9654,0
201812,48540,"Wheeling, WV-OH",267,164,-5,13,48.160535,22.0735786,74.24749164,98,14,0.1667,-3,-0.0297,18,0.0375,0.2576,1.3607,135000,-0.0046,0.0809,0.4671,0
201812,47580,"Warner Robins, GA",229,250,11,-69,23.244147,24.74916388,21.73913043,95.5,5.5,0.0611,15.5,0.1938,15.5,0.1529,0.1136,0.8033,209900,-0.0078,0.1053,0.7263,0
201812,14540,"Bowling Green, KY",249,234,3,-19,26.086957,36.4548495,15.71906355,88,9.5,0.121,0.5,0.0057,8,0.0233,0.1,0.7213,249900,0.002,0.1906,0.8647,0
201812,20500,"Durham-Chapel Hill, NC",96,122,1,7,58.361204,44.81605351,71.90635452,82,9.5,0.131,-5,-0.0575,2,0.0318,0.125,1.3279,351050,-0.018,0.003,1.2147,0
201812,26620,"Huntsville, AL",113,268,2,-19,15.217391,22.40802676,8.026755853,97,6.75,0.0748,8,0.0899,17,-0.0263,0.3214,0.6066,254950,-0.0005,0.1085,0.8822,0
201812,21780,"Evansville, IN-KY",156,124,4,18,58.19398,60.2006689,56.18729097,74,4.5,0.0647,-3,-0.039,-6,-0.0548,0.2545,1.1311,159900,-0.0277,0.0667,0.5533,0
201812,27500,"Janesville-Beloit, WI",255,24,-13,3,85.284281,73.91304348,96.65551839,68,14,0.2593,0,0,-12,-0.0044,0.1915,1.8361,171750,-0.0453,0.0577,0.5943,0
201812,26140,"Homosassa Springs, FL",256,172,18,-17,44.481605,48.16053512,40.80267559,80,3.5,0.0458,7,0.0959,0,0.0261,0.2826,0.9672,220000,-0.0393,0.1055,0.7612,0
201812,29700,"Laredo, TX",225,109,53,29,61.705686,60.2006689,63.21070234,74,-4.5,-0.0573,-9,-0.1084,-6,0.021,0.1587,1.1967,175000,-0.0141,-0.0272,0.6055,0
201812,27780,"Johnstown, PA",290,273,-8,19,14.214047,3.678929766,24.74916388,119,12.5,0.1174,-9,-0.0703,39,-0.0192,0.5,0.8361,70000,-0.0759,-0.0278,0.2422,0
201812,30460,"Lexington-Fayette, KY",102,207,-6,19,33.946488,45.81939799,22.0735786,81,9,0.125,-7,-0.0795,1,-0.02,0.3243,0.8033,265000,-0.0182,0,0.917,0
201812,35660,"Niles-Benton Harbor, MI",259,208,-21,10,33.946488,18.39464883,49.49832776,101,10,0.1099,-3,-0.0288,21,-0.0638,0.32,1.082,278000,0.002,0.1124,0.9619,0
201812,40420,"Rockford, IL",154,12,25,53,88.294314,86.95652174,89.63210702,62,2,0.0333,-12,-0.1622,-18,0,0.2436,1.5902,129900,-0.0413,-0.0378,0.4495,0
201812,40980,"Saginaw, MI",219,149,-47,1,51.003344,62.20735786,39.7993311,73.5,14,0.2353,-0.5,-0.0068,-6.5,-0.1387,0.18,0.9672,124900,-0.0385,0.2503,0.4322,0
201812,43580,"Sioux City, IA-NE-SD",253,56,-17,46,75.41806,70.90301003,79.93311037,70,9.5,0.157,-16,-0.186,-10,-0.0881,0.0864,1.4426,199000,-0.0049,-0.0048,0.6886,0
201812,12540,"Bakersfield, CA",79,55,2,12,75.41806,73.91304348,76.92307692,68,8.5,0.1429,-4,-0.0556,-12,0.0059,0.1806,1.3934,245000,-0.0178,0.0208,0.8478,0
201812,43780,"South Bend-Mishawaka, IN-MI",160,112,22,23,61.036789,50.8361204,71.23745819,78,2,0.0263,-3,-0.037,-2,-0.0123,0.3333,1.3115,149950,-0.0321,0.1539,0.5189,0
201812,14260,"Boise City, ID",83,20,-10,4,86.956522,95.31772575,78.59531773,55,8,0.1702,-5,-0.0833,-25,-0.0899,0.1026,1.4098,334900,0.0149,0.1315,1.1588,0
201812,21500,"Erie, PA",167,240,-15,14,24.414716,14.3812709,34.44816054,103,18,0.2118,-11,-0.0965,23,0.028,0.25,0.9016,134900,-0.0328,0.0075,0.4668,0
201812,17780,"College Station-Bryan, TX",193,259,-7,-51,19.565217,22.40802676,16.72240803,97,11,0.1279,15,0.1829,17,0,0.125,0.7377,266500,-0.0126,-0.1396,0.9221,0
201812,27620,"Jefferson City, MO",281,141,2,20,54.180602,48.16053512,60.2006689,80,6,0.0811,-8,-0.0909,0,-0.0274,0.1833,1.1639,169900,0.0071,0.1032,0.5879,0
201812,23420,"Fresno, CA",70,23,4,-9,85.284281,86.95652174,83.61204013,62,9.5,0.181,3,0.0508,-18,0.0222,-0.0108,1.5082,308000,-0.0032,0.0102,1.0657,0
201812,33340,"Milwaukee-Waukesha-West Allis, WI",38,22,4,32,86.454849,88.9632107,83.94648829,61,9.5,0.1845,-11,-0.1528,-19,0.0395,0.2267,1.5082,244900,-0.0165,0.1396,0.8474,0
201812,31540,"Madison, WI",78,104,3,-8,61.87291,53.17725753,70.56856187,76,10,0.1515,-4,-0.05,-4,0.0464,0.0676,1.2951,307500,0.0234,0.0603,1.064,0
201812,38940,"Port St. Lucie, FL",112,165,-2,-44,47.993311,62.87625418,33.11036789,73,6,0.0896,7,0.1061,-7,-0.0442,0.125,0.8852,285000,0.0173,0.0465,0.9862,0
201812,35380,"New Orleans-Metairie, LA",44,94,16,-14,64.548495,44.81605351,84.28093645,82,6,0.0789,4,0.0513,2,0.0055,0.1795,1.5082,275000,-0.0143,0.0204,0.9516,0
201812,39380,"Pueblo, CO",250,36,-11,-18,79.93311,70.56856187,89.29765886,70.5,12,0.2051,12.5,0.2155,-9.5,-0.0537,0.1279,1.5902,249900,-0.0086,0.0417,0.8647,0
201812,35840,"North Port-Sarasota-Bradenton, FL",62,174,18,-3,43.812709,52.17391304,35.45150502,77,-1,-0.0128,2,0.0267,-3,-0.0517,0.2222,0.9016,349000,-0.0026,-0.0026,1.2076,0
201812,42540,"Scranton--Wilkes-Barre--Hazleton, PA",92,205,-6,25,34.280936,11.70568562,56.85618729,107,10,0.1031,-1,-0.0093,27,-0.0483,0.4082,1.1311,149500,-0.003,0.0686,0.5173,0
201812,37860,"Pensacola-Ferry Pass-Brent, FL",109,237,4,-58,24.916388,24.08026756,25.75250836,96,5,0.0549,10,0.1163,16,-0.0192,0.02,0.8361,263673,-0.0093,0.0145,0.9124,0
201812,43620,"Sioux Falls, SD",179,148,13,1,51.003344,86.95652174,15.05016722,62,10.5,0.2039,3,0.0508,-18,0.1053,0.2,0.6885,229900,0,-0.0004,0.7955,0
201812,38340,"Pittsfield, MA",294,292,-3,4,6.521739,1.003344482,12.04013378,131.5,10,0.0823,-5.5,-0.0401,51.5,-0.0238,0.3667,0.6721,365000,0.0021,-0.0132,1.263,0
201812,17660,"Coeur d'Alene, ID",272,114,-3,51,60.869565,39.46488294,82.27424749,86.5,10,0.1307,-14.5,-0.1436,6.5,-0.0215,0.2466,1.4918,399900,0.0067,0.0124,1.3837,0
201812,17980,"Columbus, GA-AL",161,296,-4,-12,5.852843,8.361204013,3.344481605,111,12,0.1212,7,0.0673,31,0.0323,0.28,0.5246,167872.5,-0.01,0.0492,0.5809,0
201812,19340,"Davenport-Moline-Rock Island, IA-IL",125,89,14,27,67.725753,76.92307692,58.52842809,67,6,0.0984,-3,-0.0429,-13,0,0.3462,1.1475,149000,-0.0062,0.0283,0.5156,0
201812,20700,"East Stroudsburg, PA",273,225,3,2,28.929766,5.016722408,52.84280936,117,11,0.1038,-4.5,-0.037,37,0.0075,0.2642,1.0984,179900,-0.0001,0.0903,0.6225,0
201812,27140,"Jackson, MS",100,206,1,-8,34.113712,13.37792642,54.84949833,105,9,0.0938,11,0.117,25,0.0074,0.3333,1.1148,234700,-0.0087,0.016,0.8121,0
201812,23540,"Gainesville, FL",166,153,11,15,49.331104,32.10702341,66.55518395,90,6,0.0714,-9,-0.0909,10,0,0.087,1.2295,245000,0.007,0.0251,0.8478,0
201812,35300,"New Haven-Milford, CT",63,155,-1,1,48.829431,25.4180602,72.24080268,95,12,0.1446,6,0.0674,15,0.0062,0.3065,1.3279,259900,-0.0192,0.0192,0.8993,0
201812,25900,"Hilo, HI",226,223,21,-30,29.765886,16.05351171,43.47826087,102,-5.5,-0.0512,-2,-0.0192,22,0.0083,0.0167,1,485000,0,-0.0082,1.6782,0
201812,36260,"Ogden-Clearfield, UT",101,84,-11,-35,68.561873,97.65886288,39.46488294,52,8.5,0.1954,5,0.1064,-28,-0.0569,0.0357,0.9508,358500,0.0244,0.1207,1.2405,0
201812,26420,"Houston-The Woodlands-Sugar Land, TX",5,200,11,-5,35.117057,68.22742475,2.006688963,71,6,0.0923,0,0,-9,0.0526,0.25,0.4918,307590,-0.0078,-0.0204,1.0643,0
201812,39900,"Reno, NV",115,138,-18,-91,56.187291,57.19063545,55.18394649,75,10.5,0.1628,3,0.0417,-5,-0.0145,-0.1392,1.1148,413450,-0.0132,-0.0383,1.4306,0
201812,30140,"Lebanon, PA",299,212,-29,12,33.110368,8.361204013,57.85953177,111,16.25,0.1715,9,0.0882,31,-0.0789,0.4583,1.1475,209900,-0.0853,0.077,0.7263,0
201812,41500,"Salinas, CA",150,107,-24,-3,61.705686,32.10702341,91.30434783,90,15.5,0.2081,0.5,0.0056,10,-0.0196,0.1236,1.6393,879450,0.0432,-0.0222,3.0431,0
201812,34060,"Morgantown, WV",287,236,14,42,25.083612,10.03344482,40.13377926,109,10,0.101,-8,-0.0684,29,0.0727,0.5128,0.9672,233250,-0.0147,0.0956,0.8071,0
201812,28660,"Killeen-Temple, TX",127,100,30,18,63.043478,64.88294314,61.20401338,72,4.5,0.0667,6,0.0909,-8,0.0143,0.449,1.1639,204990,0.0254,0.1395,0.7093,0
201812,45220,"Tallahassee, FL",135,170,5,8,45.986622,45.81939799,46.15384615,81,5,0.0658,-3,-0.0357,1,0.024,0.28,1.0492,215000,0,0.0142,0.7439,0
201812,28700,"Kingsport-Bristol-Bristol, TN-VA",153,195,-7,17,36.454849,7.357859532,65.55183946,112,13.5,0.1371,3,0.0275,32,-0.0263,0.3704,1.2131,169600,-0.0225,0.0065,0.5869,0
201812,49620,"York-Hanover, PA",117,75,-1,42,70.735786,60.2006689,81.27090301,74,7.5,0.1128,-7,-0.0864,-6,-0.0538,0.2754,1.4426,209990,-0.0116,0.0611,0.7266,0
201812,30700,"Lincoln, NE",155,95,-7,-24,63.879599,93.64548495,34.11371237,58,13,0.2889,3,0.0545,-22,-0.0517,0.0577,0.9016,270000,0.0094,0.0004,0.9343,0
201812,17020,"Chico, CA",196,1,15,28,100,100,100,37,-22,-0.3729,-31,-0.4559,-43,0.1939,0.764,2.5738,330000,0.0909,0.1466,1.1419,0
201812,37460,"Panama City, FL",215,278,6,-4,11.371237,7.357859532,15.38461538,112,-1,-0.0088,5,0.0467,32,-0.0455,0.1667,0.6885,349900,0.0173,0.1111,1.2107,0
201812,18880,"Crestview-Fort Walton Beach-Destin, FL",171,247,9,13,23.578595,10.03344482,37.12374582,109,7,0.0686,-10,-0.084,29,0.0275,0.2727,0.918,369900,0.0434,0.042,1.2799,0
201812,41940,"San Jose-Sunnyvale-Santa Clara, CA",36,52,18,-51,75.919732,99.33110368,52.5083612,51,12.5,0.3247,14,0.3784,-29,0.0806,-0.4683,1.0984,999999,-0.0766,-0.115,3.4602,0
201812,30980,"Longview, TX",211,220,3,46,30.100334,14.3812709,45.81939799,103,6,0.0619,-13,-0.1121,23,0.024,0.5238,1.0492,189949.5,-0.0258,0.024,0.6573,0
201812,42680,"Sebastian-Vero Beach, FL",254,191,9,15,37.792642,45.81939799,29.76588629,81,4,0.0519,-10,-0.1099,1,-0.0536,0.1277,0.8689,315000,0,-0.0153,1.09,0
201812,31140,"Louisville/Jefferson County, KY-IN",42,18,-1,25,87.123746,86.62207358,87.62541806,62.5,9.5,0.1792,-5.5,-0.0809,-17.5,-0.0052,0.3194,1.5574,240000,-0.0301,0.0946,0.8304,0
201812,43900,"Spartanburg, SC",159,181,12,30,41.137124,49.49832776,32.77591973,79,5,0.0676,-7,-0.0814,-1,0,0.35,0.8852,209900,-0.002,0.0212,0.7263,0
201812,35620,"New York-Newark-Jersey City, NY-NJ-PA",1,203,-5,-12,34.782609,43.14381271,26.42140468,84,11,0.1507,-3,-0.0345,4,-0.0192,0.0625,0.8361,524900,-0.0078,0.1051,1.8163,0
201812,11460,"Ann Arbor, MI",142,53,-13,-15,75.919732,64.88294314,86.95652174,72,12.5,0.2101,-1,-0.0137,-8,-0.0052,-0.0865,1.5574,365345,0.0293,0.059,1.2642,0
201812,40060,"Richmond, VA",45,73,-5,41,71.404682,85.6187291,57.19063545,63,7.5,0.1351,-10,-0.137,-17,-0.0548,0.1897,1.1311,299950,-0.0001,0.0379,1.0379,0
201812,12940,"Baton Rouge, LA",68,251,0,-68,23.076923,27.75919732,18.39464883,94,6.5,0.0743,8,0.093,14,-0.0108,-0.0612,0.7541,238102.5,-0.0067,0.0582,0.8239,0
201812,42220,"Santa Rosa, CA",104,60,17,-52,73.913043,82.60869565,65.2173913,65,8.25,0.1454,13,0.25,-15,0.035,-0.1868,1.2131,665000,-0.0221,-0.0828,2.301,0
201812,16580,"Champaign-Urbana, IL",187,288,-11,-3,8.695652,11.70568562,5.685618729,107,12.5,0.1323,-4,-0.036,27,-0.0141,0.25,0.5738,159900,-0.0303,0.0417,0.5533,0
201812,45860,"Torrington, CT",222,257,0,4,20.06689,1.337792642,38.79598662,125,4,0.0331,1,0.0081,45,-0.0339,0.2391,0.9344,329000,-0.003,-0.0027,1.1384,0
201812,29620,"Lansing-East Lansing, MI",108,71,-12,-21,72.073579,73.91304348,70.23411371,68,9,0.1525,0,0,-12,-0.0482,0.1127,1.2951,159950,-0.035,0.1039,0.5535,0
201812,14500,"Boulder, CO",152,110,-6,-46,61.204013,76.92307692,45.48494983,67,13.5,0.2523,-6,-0.0822,-13,0.0328,-0.1711,1.0328,598000,0.031,-0.0448,2.0692,0
201812,48900,"Wilmington, NC",165,222,5,10,29.765886,5.016722408,54.51505017,117,3.5,0.0308,9,0.0833,37,0,0.3878,1.1148,339500,-0.0138,0.0446,1.1747,0
201812,18180,"Concord, NH",284,126,-35,4,58.026756,29.43143813,86.62207358,93,20.5,0.2828,-1.5,-0.0159,13,0.0106,0.1875,1.5574,285000,-0.0169,0.0556,0.9862,0
201812,10740,"Albuquerque, NM",56,137,11,0,56.187291,68.22742475,44.14715719,71,6.5,0.1008,-1,-0.0139,-9,0.0252,0.2449,1,249390,-0.0016,0.0612,0.8629,0
201812,34820,"Myrtle Beach-Conway-North Myrtle Beach, SC-NC",111,291,-1,-9,7.190635,7.023411371,7.357859532,114,9,0.0857,7,0.0654,34,-0.0137,0.2857,0.5902,245000,0.0006,0.0426,0.8478,0
201812,16820,"Charlottesville, VA",197,293,-2,-4,6.187291,2.341137124,10.03344482,122,8.25,0.0725,6,0.0517,42,-0.025,0.3929,0.6393,375000,-0.0334,-0.0132,1.2976,0
201812,40900,"Sacramento--Roseville--Arden-Arcade, CA",29,7,0,0,93.478261,91.63879599,95.31772575,59,8,0.1569,1,0.0172,-21,0.0863,0.0094,1.7541,449000,0.009,0.0228,1.5536,0
201812,21660,"Eugene, OR",132,49,29,70,76.588629,86.95652174,66.22073579,62,3.5,0.0598,-17,-0.2152,-18,0.0204,0.1364,1.2295,349999,0,0.0511,1.2111,0
201812,49180,"Winston-Salem, NC",80,118,-9,44,60.200669,43.81270903,76.58862876,83,9,0.1216,-3,-0.0349,3,-0.0173,0.4655,1.3934,208500,-0.0067,0.062,0.7215,0
201812,27260,"Jacksonville, FL",40,167,1,-24,47.324415,52.17391304,42.47491639,77,6.5,0.0922,0,0,-3,0.0084,0.1111,0.9836,299000,0.0136,-0.0033,1.0346,0
201812,13460,"Bend-Redmond, OR",232,280,-9,-13,10.869565,9.364548495,12.37458194,110,13.5,0.1399,10,0.1,30,-0.0238,0.1714,0.6721,449144,0.0094,0.0694,1.5541,0
201812,36500,"Olympia-Tumwater, WA",168,106,19,-40,61.87291,84.61538462,39.13043478,64,12.5,0.2427,4,0.0667,-16,0.1048,0.0175,0.9508,389000,-0.0012,0.1146,1.346,0
201812,14740,"Bremerton-Silverdale, WA",178,120,12,-78,59.197324,76.92307692,41.47157191,67,9.5,0.1652,7,0.1167,-13,0.0811,-0.0625,0.9836,409000,-0.0022,0.0907,1.4152,0
201812,43340,"Shreveport-Bossier City, LA",114,264,9,-33,16.889632,27.75919732,6.02006689,94,4,0.0444,12,0.1463,14,0.0294,0.2963,0.5738,189950,-0.0086,0.0559,0.6573,0
201812,22180,"Fayetteville, NC",134,270,4,11,14.715719,22.40802676,7.023411371,97,4.5,0.0486,-3,-0.03,17,-0.0526,0.5652,0.5902,159900,-0.0003,0.029,0.5533,0
201812,48140,"Wausau, WI",295,180,-6,-13,42.474916,33.11036789,51.83946488,89.5,15.5,0.2095,1,0.0113,9.5,0.1074,0.1356,1.0984,203400,0.0391,0.169,0.7038,0
201812,23060,"Fort Wayne, IN",119,5,-3,7,94.314381,88.9632107,99.66555184,61,13,0.2708,0,0,-19,0.0068,0.3704,2.4262,179900,0,0.1105,0.6225,0
201812,10900,"Allentown-Bethlehem-Easton, PA-NJ",66,150,8,24,50.668896,45.81939799,55.51839465,81,7.5,0.102,-5,-0.0581,1,0.0074,0.2364,1.1148,220000,-0.0218,0,0.7612,0
201812,25860,"Hickory-Lenoir-Morganton, NC",143,156,0,30,48.829431,14.3812709,83.27759197,103,9.5,0.1016,-16,-0.1345,23,0.0055,0.2778,1.5082,219900,0.023,-0.0437,0.7609,0
201812,14860,"Bridgeport-Stamford-Norwalk, CT",60,209,12,-25,33.779264,11.70568562,55.85284281,107,4.5,0.0439,5,0.049,27,0.0303,0.1148,1.1148,739000,-0.0134,0.0137,2.5571,0
201812,29100,"La Crosse-Onalaska, WI-MN",293,78,-18,-15,69.397993,53.17725753,85.6187291,76,12.5,0.1969,7,0.1014,-4,0.0273,0.3623,1.541,248450,-0.0158,0.1298,0.8597,0
201812,15380,"Buffalo-Cheektowaga-Niagara Falls, NY",47,31,1,1,82.107023,76.92307692,87.2909699,67,8,0.1356,-1,-0.0147,-13,-0.0355,0.1585,1.5574,174900,-0.0278,0.06,0.6052,0
201812,37340,"Palm Bay-Melbourne-Titusville, FL",89,101,21,-45,62.876254,76.92307692,48.82943144,67,2,0.0308,4,0.0635,-13,-0.058,0.0833,1.0656,268000,-0.0021,0.0308,0.9273,0
201812,16860,"Chattanooga, TN-GA",99,63,6,30,73.578595,57.19063545,89.96655518,75,6,0.087,-3,-0.0385,-5,-0.0202,0.3288,1.5902,269000,-0.0033,0.1447,0.9308,0
201812,41620,"Salt Lake City, UT",52,113,-7,-25,60.869565,97.65886288,24.08026756,52,11.5,0.284,1,0.0196,-28,-0.0291,0.0417,0.8197,385000,-0.0003,0.0673,1.3322,0
201812,19780,"Des Moines-West Des Moines, IA",86,243,-8,-33,24.080268,25.4180602,22.74247492,95,13,0.1585,8,0.092,15,-0.0101,0.1667,0.8033,279900,-0.0164,-0.0004,0.9685,0
201812,22900,"Fort Smith, AR-OK",170,253,6,12,22.240803,27.42474916,17.05685619,94.5,4.5,0.05,-3.5,-0.0357,14.5,0.0465,0.4063,0.7377,149500,-0.0033,0.031,0.5173,0
201812,39540,"Racine, WI",220,25,-6,28,85.117057,91.30434783,78.92976589,60,8.5,0.165,-14,-0.1892,-20,-0.0595,0.0357,1.4262,219950,-0.0423,0.1582,0.7611,0
201812,33740,"Monroe, LA",236,279,-3,-36,11.204013,8.361204013,14.04682274,111,12.5,0.1269,15,0.1563,31,-0.0118,0.05,0.6885,199500,-0.0025,-0.0543,0.6903,0
201812,39740,"Reading, PA",128,99,-3,81,63.210702,45.81939799,80.60200669,81,8,0.1096,-15,-0.1563,1,-0.0588,0.4915,1.4426,199900,-0.0476,0.1423,0.6917,0
201812,38300,"Pittsburgh, PA",22,147,-8,29,51.839465,36.4548495,67.22408027,88,12.5,0.1656,-4,-0.0435,8,-0.0385,0.2931,1.2295,172900,-0.012,0.0177,0.5983,0
201812,44100,"Springfield, IL",198,215,17,-18,31.772575,39.7993311,23.7458194,86,5.5,0.0683,3,0.0361,6,0.0101,0.1364,0.8197,135750,-0.0874,-0.0106,0.4697,0
201812,40140,"Riverside-San Bernardino-Ontario, CA",16,134,3,-58,56.688963,88.9632107,24.41471572,61,9,0.1731,5,0.0893,-19,0,-0.0196,0.8197,386945,-0.0053,0.0319,1.3389,0
201812,46180,"Tupelo, MS",300,255,-2,-35,21.070234,14.3812709,27.75919732,103,7.25,0.0757,9,0.0957,23,0.0192,0.2326,0.8689,179900,-0.0095,0.0286,0.6225,0
201812,45460,"Terre Haute, IN",247,102,6,61,62.70903,57.19063545,68.22742475,75,5,0.0714,-6,-0.0741,-5,-0.0732,0.4615,1.2459,95000,-0.0743,0.1446,0.3287,0
201812,10180,"Abilene, TX",252,129,21,-31,57.525084,49.1638796,65.88628763,79.5,3,0.0392,5.5,0.0743,-0.5,0.0204,0.1719,1.2295,199900,0.0016,0.1766,0.6917,0
201812,12420,"Austin-Round Rock, TX",34,127,11,-24,57.859532,64.88294314,50.8361204,72,7,0.1077,-1,-0.0137,-8,0.0154,0.1,1.082,349000,-0.0026,-0.0306,1.2076,0
201812,13380,"Bellingham, WA",203,198,-7,31,35.284281,62.87625418,7.692307692,73,9.75,0.1542,-13,-0.1512,-7,-0.0633,0.0882,0.6066,412900,-0.0151,-0.0122,1.4287,0
201812,19460,"Decatur, AL",266,269,11,14,14.882943,24.74916388,5.016722408,95.5,3,0.0324,-6.5,-0.0637,15.5,0.0149,0.5455,0.5574,179996.5,-0.0202,0.0594,0.6228,0
201812,13900,"Bismarck, ND",296,262,1,-11,17.892977,33.44481605,2.341137124,89,8.5,0.1056,1,0.0114,9,0.0508,0.1923,0.5082,275000,0.0189,0.0581,0.9516,0
201812,21700,"Eureka-Arcata-Fortuna, CA",289,173,16,-76,44.147157,25.4180602,62.87625418,95,0.25,0.0026,19,0.25,15,0.0069,0.058,1.1967,379000,-0.0117,-0.028,1.3114,0
201812,19100,"Dallas-Fort Worth-Arlington, TX",4,15,14,-4,87.792642,82.60869565,92.97658863,65,7,0.1207,6,0.1017,-15,0.0256,-0.0196,1.6393,332590,-0.007,-0.0215,1.1508,0
201812,25940,"Hilton Head Island-Bluffton-Beaufort, SC",206,289,-4,-3,8.19398,11.70568562,4.682274247,107,6.5,0.0647,-11,-0.0932,27,-0.1316,0.0645,0.541,419000,-0.0006,0.0501,1.4498,0
201812,19380,"Dayton, OH",64,30,-2,21,82.274247,81.60535117,82.94314381,66,11.5,0.211,-3,-0.0435,-14,-0.0267,0.2639,1.4918,139900,-0.029,0.0803,0.4841,0
201812,36220,"Odessa, TX",292,3,1,41,94.816054,95.31772575,94.31438127,55,13,0.3095,-12,-0.1791,-25,0.0505,0.4444,1.7049,270000,0.0133,0.3171,0.9343,0
201812,26580,"Huntington-Ashland, WV-KY-OH",138,229,4,10,27.424749,13.71237458,41.13712375,104,5.5,0.0558,-7,-0.0631,24,-0.0248,0.2292,0.9672,149000,-0.0133,0.065,0.5156,0
201812,39660,"Rapid City, SD",265,144,-9,-33,53.344482,53.17725753,53.51170569,76,9.5,0.1429,6,0.0857,-4,-0.0073,0.2593,1.1148,269900,-0.002,0.1246,0.9339,0
201812,28740,"Kingston, NY",234,246,-8,29,23.913043,13.04347826,34.7826087,106,9.25,0.0956,-14,-0.1167,26,-0.0265,0.375,0.9016,299000,0,0.0679,1.0346,0
201812,44140,"Springfield, MA",87,47,9,40,77.424749,60.2006689,94.64882943,74,7.5,0.1128,-6,-0.075,-6,0.0196,0.3165,1.7049,244900,-0.02,0.0208,0.8474,0
201812,33260,"Midland, TX",260,2,-1,18,98.494983,97.65886288,99.33110368,52,8,0.1818,-13,-0.2,-28,0.048,0.2241,2.3279,350790,-0.0214,0.1288,1.2138,0
201812,19660,"Deltona-Daytona Beach-Ormond Beach, FL",82,169,-3,-29,46.488294,48.16053512,44.81605351,80,7,0.0959,5,0.0667,0,-0.0313,0.1923,1.0164,285000,0.0002,0.0367,0.9862,0
201812,33780,"Monroe, MI",282,83,-7,-23,68.729097,39.7993311,97.65886288,86,11,0.1467,9,0.1169,6,0,0.407,1.9836,184900,-0.0513,0.1563,0.6398,0
201812,41420,"Salem, OR",139,133,13,-74,57.023411,86.95652174,27.090301,62,8.5,0.1589,0,0,-18,0.0505,-0.1186,0.8525,349900,0.0006,0.0142,1.2107,0
201812,36420,"Oklahoma City, OK",41,128,3,24,57.692308,70.90301003,44.48160535,70,7,0.1111,-5,-0.0667,-10,-0.024,0.2449,1,234000,-0.0158,0.04,0.8097,0
201812,13140,"Beaumont-Port Arthur, TX",129,48,38,-14,77.424749,73.91304348,80.93645485,68,3,0.0462,3,0.0462,-12,0.0602,0.1733,1.4426,179900,-0.0268,0.0589,0.6225,0
201812,41180,"St. Louis, MO-IL",19,135,-21,-30,56.688963,50.8361204,62.54180602,78,12.5,0.1908,4,0.0541,-2,0.007,0.1803,1.1803,199900,-0.0244,0.0805,0.6917,0
201812,13780,"Binghamton, NY",180,201,3,34,34.949833,29.43143813,40.46822742,93,5,0.0568,-6,-0.0606,13,-0.0484,0.3721,0.9672,127700,-0.0033,0.0216,0.4419,0
201812,48620,"Wichita, KS",84,51,-15,31,76.086957,76.92307692,75.25083612,67,11.5,0.2072,-6,-0.0822,-13,-0.0568,0.2029,1.3607,183675,-0.0069,0.0804,0.6356,0
201812,24860,"Greenville-Anderson-Mauldin, SC",61,152,-10,-13,50,49.49832776,50.50167224,79,11,0.1618,6,0.0822,-1,-0.0222,0.32,1.082,249900,0,-0.02,0.8647,0
201812,49700,"Yuba City, CA",291,14,-1,8,87.959866,76.92307692,98.99665552,67,8.5,0.1453,2,0.0308,-13,0.129,0.3592,2.2951,306000,-0.0111,0.0203,1.0588,0
201812,34740,"Muskegon, MI",243,93,5,58,65.886288,84.61538462,47.15719064,64,8.5,0.1532,-15,-0.1899,-16,0,0.2264,1.0656,164900,0.0154,0.1067,0.5706,0
201812,39340,"Provo-Orem, UT",122,160,-5,-15,48.494983,96.65551839,0.334448161,54,14,0.35,6,0.125,-26,-0.1,-0.069,0.4426,374900,-0.0027,0.0417,1.2972,0
201812,39460,"Punta Gorda, FL",214,185,23,-19,39.799331,57.19063545,22.40802676,75,0.5,0.0067,6,0.087,-5,0,0.2564,0.8033,275000,-0.0126,0.0223,0.9516,0
201812,45060,"Syracuse, NY",81,123,-8,18,58.19398,38.1270903,78.26086957,87,12,0.16,1,0.0116,7,0,0.3231,1.4098,159900,0,0.0956,0.5533,0
201812,45940,"Trenton, NJ",148,131,-7,33,57.35786,45.81939799,68.89632107,81,9.25,0.1289,-9,-0.1,1,0.0065,0.2787,1.2787,290000,-0.0475,0.16,1.0035,0
